,대여소번호,대여소명,동,구,총거치대수,2020년_대여수,2019년_대여수
0,1695,월계미륭아파트 정문,월계동,노원구,10,0,0
1,2301,현대고등학교 건너편,신사동,강남구,10,11352,17117
2,2302,교보타워 버스정류장(신논현역 3번출구 후면),역삼동,강남구,10,4762,12548
3,2303,논현역 7번출구,논현동,강남구,15,2367,8413
4,2304,신영 ROYAL PALACE 앞,논현동,강남구,10,931,2631
5,2305,MCM 본사 직영점 앞,논현동,강남구,10,1426,3239
6,2306,압구정역 2번 출구 옆,신사동,강남구,30,4213,11067
7,2307,압구정 한양 3차 아파트,압구정동,강남구,10,5360,10955
8,2308,압구정파출소 앞,압구정동,강남구,14,2923,5955
9,2309,청담역(우리들병원 앞),청담동,강남구,10,1267,3021
10,2310,청담동 맥도날드 옆(위치),청담동,강남구,10,2136,5140
11,2311,학동로 래미안 아파트 앞,청담동,강남구,10,1079,2668
12,2312,청담역 13번 출구 앞,청담동,강남구,10,1528,3205
13,2313,금원빌딩 앞,청담동,강남구,10,4298,7833
14,2314,청담나들목입구,삼성동,강남구,10,3322,5109
15,2315,봉은사역 5번출구 옆,삼성동,강남구,10,4293,10931
16,2316,삼성역 8번출구,삼성동,강남구,20,4276,9626
17,2317,삼성도로공원,삼성동,강남구,10,3594,6422
18,2318,삼성중앙역4번출구(문화센터더 리빌),삼성동,강남구,15,1879,5541
19,2319,포스코4거리 서측(수협 삼성동 지점),삼성동,강남구,10,1725,4342
20,2320,도곡역 대치지구대 방향,도곡동,강남구,10,3320,7290
21,2321,학여울역 사거리,대치동,강남구,10,3505,6589
22,2322,삼성역 3번 출구,대치동,강남구,15,2378,5752
23,2323,주식회사 오뚜기 정문 앞,대치동,강남구,10,1502,2570
24,2324,천주교 대치 2동 교회 옆,대치동,강남구,10,3765,7398
25,2325,대치동 버거킹대치점,대치동,강남구,10,3417,7708
26,2326,대치동 삼성로,대치동,강남구,10,1296,2436
27,2327,뱅뱅사거리 랜드마크타워 앞,역삼동,강남구,15,3204,8489
28,2328,르네상스 호텔 사거리 역삼지하보도 7번출구 앞,역삼동,강남구,10,1752,5216
29,2329,르네상스호텔사거리 역삼지하보도 2번출구,역삼동,강남구,10,831,2532
30,2330,스타벅스 앞,역삼동,강남구,10,2277,5678
31,2331,동영문화센터앞,역삼동,강남구,20,1892,5654
32,2332,선릉역3번출구,역삼동,강남구,15,3711,9443
33,2333,양재역 3번출구 주변,도곡동,강남구,15,3918,8399
34,2334,삼호아파트 2동 ( 간선도로),대치동,강남구,15,682,2675
35,2335,3호선 매봉역 3번출구앞,도곡동,강남구,10,3281,8764
36,2336,강남세브란스교차로 래미안그레이튼 104동 앞,대치동,강남구,10,947,3156
37,2337,대모산입구역 2번출구 앞,개포동,강남구,15,1374,2759
38,2339,현대아파트 정문 앞,개포동,강남구,10,1567,3751
39,2340,삼호물산버스정류장(23370) 옆,개포동,강남구,15,4559,11678
40,2341,일원역 4~5번 출구 사이,일원동,강남구,10,1178,2125
41,2342,대청역 1번출구 뒤,개포동,강남구,10,6286,11792
42,2343,세곡사거리 대왕파출소 앞,세곡동,강남구,10,487,942
43,2344,리엔파크 2단지 앞,세곡동,강남구,10,1993,3879
44,2347,두산건설 본사,논현동,강남구,15,1232,3909
45,2348,포스코사거리(기업은행),삼성동,강남구,20,5140,13030
46,2349,역삼빌딩 앞(하나은행 옆),역삼동,강남구,10,1292,4262
47,2350,래미안그레이튼102동앞,역삼동,강남구,10,1022,2830
48,2351,청소년수련관(수영장)앞,수서동,강남구,15,708,1665
49,2352,서울본부세관(건설회관 앞),논현동,강남구,10,996,2705
50,2353,강남구청역 2번출구 뒤,논현동,강남구,10,2198,5801
51,2354,청담역 2번출구,삼성동,강남구,5,999,1957
52,2355,삼성역 5~6번 출구 사이,삼성동,강남구,25,4315,11644
53,2356,강남구청,삼성동,강남구,10,1845,4229
54,2357,르네상스호텔사거리 역삼지하보도 3번출구 앞 (더 오번,역삼동,강남구,15,1438,4980
55,2358,구룡초사거리 (현대아파트10동 앞 ),개포동,강남구,10,826,2708
56,2359,"국립국악중,고교 정문 맞은편",개포동,강남구,10,2399,5153
57,2360,도곡1동 주민센터 교차로,역삼동,강남구,15,1733,6304
58,2361,압구정역 교차로,신사동,강남구,10,2859,6545
59,2362,신사동 가로수길 입구,신사동,강남구,10,3016,6774
60,2363,강남 을지병원 교차로,논현동,강남구,15,1182,3175
61,2364,도산대로 렉서스 앞,신사동,강남구,10,1563,3213
62,2365,K+ 타워 앞,신사동,강남구,15,3120,6963
63,2368,도곡동 경남아파트 건너편,도곡동,강남구,10,811,2992
64,2369,KT선릉타워,대치동,강남구,20,2592,6465
65,2370,한티역 3번출구,대치동,강남구,20,2556,6823
66,2371,한국우편사업진흥원,논현동,강남구,10,1118,3620
67,2372,대치역 사거리,대치동,강남구,10,4440,9169
68,2373,개포동역 사거리,개포동,강남구,20,3865,6426
69,2375,수서역 1번출구 앞,수서동,강남구,10,2639,4335
70,2376,수서역 6번출구 앞,수서동,강남구,20,683,1984
71,2377,수서역 5번출구 뒤,수서동,강남구,10,5916,14340
72,2380,삼성동베이직하우스앞,삼성동,강남구,15,1599,4398
73,2381,언주역 6번출구앞,역삼동,강남구,8,1524,3838
74,2382,역삼동 sk뷰 501동앞,역삼동,강남구,11,787,2397
75,2383,보금자리정원,세곡동,강남구,10,689,1501
76,2384,자곡사거리,자곡동,강남구,10,4854,10965
77,2385,학동역,논현동,강남구,10,2091,6617
78,2386,sk 동우주유소 앞,논현동,강남구,10,0,0
79,2387,래미안강남힐즈 사거리,자곡동,강남구,10,2286,7126
80,2388,강남구 도시관리공단,삼성동,강남구,10,1066,2761
81,2389,경기여자고등학교 후문 (삼성로3길 입구),개포동,강남구,15,1533,2285
82,2390,구룡마을 입구 (래미안블레스티지 아파트),개포동,강남구,10,1002,2627
83,2391,구룡터널 입구(개포1단지아파트),개포동,강남구,10,87,189
84,2392,구룡산 입구 (구룡산 서울둘레길 입구),개포동,강남구,15,369,971
85,2393,구룡사 앞 교차로 (보도육교),개포동,강남구,10,271,788
86,2394,래미안강남포레스트 입구 (보도육교),개포동,강남구,10,3,0
87,2395,개포1단지아파트 입구 (보도육교),개포동,강남구,10,94,672
88,2396,영동3교 북단(우성캐릭터 앞 보도),도곡동,강남구,15,2474,5258
89,2398,더라움,역삼동,강남구,10,1518,4639
90,2401,밀알학교 입구 (삼성서울병원 입구),일원동,강남구,15,905,1595
91,2403,공무원연금매점 교차로 (개포주공9단지 입구),일원동,강남구,15,447,965
92,2404,대모산입구역 4번 출구 앞,일원동,강남구,10,2279,4665
93,2405,청담공원앞 교차로,삼성동,강남구,20,2335,5859
94,2406,논현동 광명빌딩 앞,역삼동,강남구,10,881,2570
95,2407,역삼.서초.삼성 세무서 앞 (역삼빌딩 앞),역삼동,강남구,10,3723,10336
96,2408,강남한양수자인아파트,자곡동,강남구,14,2141,4242
97,2409,역삼동 디오슈페리움 (우성아파트 사거리),역삼동,강남구,20,2794,6342
98,2410,포스코피앤에스타워 (역삼역 3번출구 부근),역삼동,강남구,10,1943,5688
99,2411,세곡동 성당,율현동,강남구,15,2405,4626
100,2412,일원1동 주민센터,일원동,강남구,15,4498,8509
101,2413,도곡역 1번 출구,도곡동,강남구,20,189,0
102,2414,도곡역 아카데미스위트 앞,도곡동,강남구,20,391,0
103,2415,한티역 롯데백화점 앞,대치동,강남구,15,214,0
104,2416,한티역 6번 출구,도곡동,강남구,10,75,0
105,2417,선정릉 일등 추어탕 앞,역삼동,강남구,10,62,0
106,2418,봉은사역 7번 출구,삼성동,강남구,10,251,0
107,2419,"봉은사역 1,2번 출구",삼성동,강남구,20,183,0
108,2420,학여울역 사거리(LG베스트샵 앞),대치동,강남구,20,252,0
109,2421,신논현역 4번출구,역삼동,강남구,15,128,0
110,2422,수서동 성당 맞은편,수서동,강남구,10,191,0
111,2423,영희초교 사거리(래미안개포루체하임),일원동,강남구,10,364,0
112,2425,세곡동 사거리(대왕초등학교 정류장),세곡동,강남구,20,37,0
113,2426,강남한신휴플러스 6단지,율현동,강남구,10,121,0
114,2427,개포고등학교 정문앞,개포동,강남구,10,2,0
115,2428,롯데리아 개포점앞,개포동,강남구,10,99,0
116,2429,압구정로데오역 6번출구,신사동,강남구,10,384,0
117,2430,강남파이낸스센터앞(역삼역2번출구),역삼동,강남구,10,142,0
118,2431,대치역 7번출구,사당동,강남구,10,288,0
119,1001,광진교 남단 사거리(디지털프라자앞),천호동,강동구,14,6671,14291
120,1002,해공공원(천호동),천호동,강동구,10,6748,11132
121,1003,해공도서관앞,천호동,강동구,20,2722,6927
122,1004,삼성광나루아파트 버스정류장,암사동,강동구,10,4902,8930
123,1006,롯데캐슬 115동앞,명일동,강동구,15,2814,5289
124,1007,암사동 선사유적지,암사동,강동구,16,663,714
125,1008,암사역 3번출구(국민은행앞),암사동,강동구,10,9897,19167
126,1009,천호역4번출구(현대백화점),천호동,강동구,20,13126,26222
127,1010,강동세무서,길동,강동구,20,8711,17961
128,1011,LIGA 아파트 앞,성내동,강동구,20,8784,21508
129,1012,서울 상운차량,암사동,강동구,15,3079,7612
130,1013,강동구청역 1번 출입구,성내동,강동구,15,4115,10257
131,1014,강동구평생학습관앞,고덕동,강동구,15,3685,6975
132,1015,샛마을 근린공원,명일동,강동구,13,3726,7240
133,1016,해뜨는 주유소옆 리엔파크 109동앞,강일동,강동구,10,2564,3709
134,1017,맥도날드(길동),길동,강동구,20,5956,11628
135,1018,둔촌 주공 GS 맞은편,성내동,강동구,20,1217,6413
136,1019,다성이즈빌아파트(호원대 대각선 맞은편),성내동,강동구,10,9507,22413
137,1020,강동경찰서,성내동,강동구,15,8047,19764
138,1021,강일동 리슈빌 빌딩앞,강일동,강동구,15,4241,7875
139,1022,길동 사거리(초소앞),길동,강동구,20,5299,11421
140,1023,한국종합기술사옥 앞,상일동,강동구,15,4727,8083
141,1024,강동구청 앞,성내동,강동구,10,6734,13129
142,1025,상일초등학교,상일동,강동구,10,1723,2796
143,1026,대명초교 입구 교차로,명일동,강동구,14,1999,3941
144,1027,프라자 아파트 앞,길동,강동구,20,3411,6585
145,1028,포레스 주상복합 빌딩,성내동,강동구,10,3596,8061
146,1029,롯데 시네마,성내동,강동구,10,6504,15112
147,1030,미호 플랜트 앞,성내동,강동구,15,4355,8769
148,1031,암사동 CBIS,암사동,강동구,15,1969,3221
149,1032,선사고등학교,암사동,강동구,20,1718,3002
150,1033,고덕동 아남아파트,고덕동,강동구,10,2691,5082
151,1034,고덕동 래미안 힐스테이트,고덕동,강동구,15,1512,2472
152,1035,고덕역 4번출구,명일동,강동구,20,3929,11300
153,1036,고덕동 주양쇼핑,명일동,강동구,10,4135,6360
154,1037,강일리버파크 6단지,강일동,강동구,10,681,1199
155,1038,강일 다솜 어린이 공원,강일동,강동구,10,822,977
156,1039,고덕초등학교,고덕동,강동구,7,596,860
157,1041,묘곡초등학교,고덕동,강동구,10,2150,4152
158,1042,강일리버파크 2~5단지,강일동,강동구,10,2153,2792
159,1044,굽은다리역,명일동,강동구,15,11309,23917
160,1047,건강보험 강동지사kt,길동,강동구,10,5521,11893
161,1048,동부기업(둔촌동),둔촌동,강동구,10,5749,11017
162,1049,강일리버파크 10단지,강일동,강동구,10,2549,3810
163,1050,둔촌역 3번 출입구,성내동,강동구,15,12123,25833
164,1051,양지시장 (용성약국앞) 입구,암사동,강동구,15,4285,8023
165,1052,리싸이클시티,고덕동,강동구,10,1160,1968
166,1053,동명근린공원 진입로 (아리수로),고덕동,강동구,8,1238,1837
167,1054,말우물 어린이 공원,상일로,강동구,10,953,947
168,1056,강일리버파크 7~11단지,강일동,강동구,10,1180,2116
169,1057,능골근린공원,상일동,강동구,15,1841,2742
170,1058,고덕숲 아이파크 1,상일동,강동구,12,2758,1378
171,1059,래미안 강동팰리스(102동),천호동,강동구,15,4747,10656
172,1060,천일초교 사거리,천호동,강동구,8,2641,5432
173,1061,천호초교 입구 사거리(일주빌딩),천호동,강동구,10,3111,6705
174,1062,고덕숲 아이파크 2,상일동,강동구,15,1147,1827
175,3539,서원마을,암사동,강동구,10,565,911
176,1063,강동롯데캐슬퍼스트 아파트(관리동),암사동,강동구,15,266,0
177,1064,중앙보훈병원역 1번출구,둔촌동,강동구,15,155,0
178,1065,보훈병원 정문옆(중앙대영약국),둔촌동,강동구,20,129,0
179,1066,생태공원앞 교차로(조명탑),둔촌동,강동구,20,55,0
180,1067,한영중고앞사거리,명일동,강동구,20,132,0
181,1068,명일파출소,명일동,강동구,20,457,0
182,1069,강동경희대학교병원 입구,상일동,강동구,15,173,0
183,1070,(시립)고덕평생학습관,고덕동,강동구,10,0,0
184,1071,명일근린공원공동체텃밭,상일동,강동구,15,108,0
185,1072,고덕역 5번출구,고덕동,강동구,10,0,0
186,1073,SSTS 몰 앞,천호동,강동구,10,394,0
187,1074,대명초교입구 사거리,명일동,강동구,15,379,0
188,1075,천동초교 삼거리,천호동,강동구,10,387,0
189,1076,전자랜드 길동점,길동,강동구,10,647,0
190,1077,강동역 1번출구 앞,천호동,강동구,15,598,0
191,1078,둔촌사거리,성내동,강동구,20,772,0
192,1079,강일동입구교차로,강일동,강동구,15,186,0
193,1080,엘웨딩,성내동,강동구,10,290,0
194,1081,트레빌빌딩,천호동,강동구,20,251,0
195,1082,중앙보훈병원역3번출구,둔촌동,강동구,13,0,0
196,1083,광문고교사거리(아이파크),고덕동,강동구,15,219,0
197,1084,윤선생빌딩(JYP사옥),양재동,강동구,15,661,0
198,1085,래미안 솔베뉴(고덕로),명일동,강동구,20,141,0
199,1086,래미안 솔베뉴(구천면로),명일동,강동구,10,170,0
200,1088,풍납사거리(강동),성내동451-3,강동구,12,416,0
201,1089,고덕 래미안힐스테이트(201동),고덕동,강동구,10,122,0
202,1090,상일동역 2번출구 앞,고덕동,강동구,10,928,0
203,1501,"미아역 3번,4번 출구 사이",미아동,강북구,9,4241,10252
204,1503,이디야 커피 수유역점 앞,수유동,강북구,12,9852,20944
205,1504,다이소 삼양시장점,미아동,강북구,10,1367,3754
206,1506,강북문화예술회관,수유동,강북구,20,3084,6715
207,1509,서울북부수도사업소,번동,강북구,10,3182,5982
208,1510,번동주공5단지 관리사무소 앞,번동,강북구,10,923,1774
209,1511,번동 금호어울림아파트102동앞,번동,강북구,9,828,1793
210,1512,강북중학교 앞,수유동,강북구,20,4901,7443
211,1513,강북구청 뒷편,수유동,강북구,20,1282,2737
212,1514,강북구청 사거리 버스정류소 앞,번동,강북구,10,6231,11152
213,1515,송천동 주민센터,미아동,강북구,10,2422,4146
214,1516,우이초등학교 후문 옆,수유동,강북구,10,1892,4054
215,1518,SK telecom(수유직영점) 앞,수유동,강북구,10,1842,3839
216,1519,세븐일레븐 수유장미원점 앞,수유동,강북구,10,2335,4565
217,1520,성실교회,수유동,강북구,10,2715,6587
218,1522,월드전기조명인테리어(우이동),쌍문동,강북구,10,1442,2453
219,1525,미아동 복합청사,미아동,강북구,10,1422,2947
220,1526,수유동 채선당앞,수유동,강북구,8,2031,4462
221,1527,미아역 1번 출구 뒤,미아동,강북구,10,2434,5508
222,1528,삼각산동 주민센터,미아동,강북구,10,1872,3814
223,1529,미아동 한국전력공사,미아동,강북구,15,4588,10230
224,1530,광산사거리,수유동,강북구,10,4157,8626
225,1531,미아사거리 1번 출구,미아동,강북구,10,6832,14987
226,1532,번3동 주민센터 교차로,번동,강북구,10,2835,4674
227,1533,"번동 주공3, 4단지 교차로",번동,강북구,10,5452,8279
228,1534,북서울 꿈의 숲 동문,번동,강북구,20,4016,4306
229,1535,효성인텔리안 앞,수유동,강북구,10,7115,16519
230,1536,번동 두산위브 101동 옆,번동,강북구,20,3629,7460
231,1537,북한산 우이역,우이동,강북구,10,1910,3522
232,1538,솔밭공원역,우이동,강북구,8,2027,3533
233,1539,4.19민주묘지역,우이동,강북구,9,4519,8661
234,1540,가오리역,수유동,강북구,10,2696,5474
235,1541,삼양역,미아동,강북구,10,902,2267
236,1542,삼양사거리역,미아동,강북구,10,1391,2855
237,1543,수유1동 주민센터,수유동,강북구,10,2042,4556
238,1545,솔샘역 2번 출구,미아동,강북구,10,937,2458
239,1546,송천동우체국,미아동,강북구,10,2192,4892
240,1547,꿈의숲 롯데캐슬,미아동,강북구,15,1370,2438
241,1548,북서울 꿈의숲 서문,번동,강북구,15,2664,3715
242,1551,4.19탑 앞,수유동,강북구,8,116,0
243,1552,강북구청사거리(던킨도너츠 앞),번동,강북구,8,262,0
244,1553,예수그리스도후기성도교회 앞,번동,강북구,15,78,0
245,1554,번동사거리,번동,강북구,10,139,0
246,1557,신창교,번동,강북구,10,169,0
247,1558,강북문화정보도서관,번동,강북구,15,116,0
248,1560,도봉세무서 앞,미아동,강북구,10,151,0
249,1564,4.19민주묘지역 1번출구,우이동,강북구,7,0,0
250,1565,대한병원앞,수유동,강북구,15,154,0
251,1566,삼각산 아이언APT앞,미아동,강북구,15,37,0
252,1568,4.19민주묘지 입구사거리,수유동,강북구,10,135,0
253,1569,수유역2번출구,미아동,강북구,10,95,0
254,1101,개화동상사마을종점 버스정류장,개화동,강서구,10,717,1084
255,1102,방화사거리 마을버스 버스정류장,방화동,강서구,10,4687,8067
256,1103,방화역 4번출구앞,방화동,강서구,10,5127,8652
257,1105,방화근린공원,방화동,강서구,10,1424,1686
258,1106,신방화사거리,방화동,강서구,10,5689,10260
259,1108,공항시장역 2번출구 뒤,공항동,강서구,9,2787,5226
260,1109,공항시장역 4번출구,공항동,강서구,6,2058,3459
261,1110,공항중학교앞,공항동,강서구,10,2528,4644
262,1111,마곡엠밸리6_7단지 마곡중학교,마곡동,강서구,15,3625,7021
263,1112,마곡엠밸리4단지 정문,마곡동,강서구,15,12368,23630
264,1113,서남환경공원 버스정류장,마곡동,강서구,15,5433,8797
265,1114,서남물재생센터 버스정류장,마곡동,강서구,15,239,1501
266,1115,등촌역 1번출구옆,등촌동,강서구,10,4041,7675
267,1117,스타벅스앞,등촌동,강서구,10,7944,15560
268,1118,증미역 3번출구뒤(등촌두산위브센티움오피스텔),등촌동,강서구,10,10020,19891
269,1119,염창동 한마음아파트앞(염창동 빛나는 음악학원앞),염창동,강서구,6,7080,12832
270,1120,대림경동아파트앞,가양동,강서구,25,6682,10919
271,1121,가양레포츠센터앞,가양동,강서구,15,5123,9644
272,1122,황금내근린공원,가양동,강서구,10,8861,12703
273,1124,발산역 6번출구옆(다이소앞),내발산동,강서구,10,10735,18432
274,1125,명덕고교입구(영종빌딩),내발산동,강서구,10,7556,13126
275,1126,우장산역 1번출구옆(우장산아이파크105동앞),화곡동,강서구,7,4184,9858
276,1127,화곡역(에이스정형외과앞) 버스정류장,화곡동,강서구,10,4565,9124
277,1128,화곡역 6번출구,화곡동,강서구,10,3977,6055
278,1129,화곡역 1번 출구 앞,화곡동,강서구,10,4945,9078
279,1130,화곡본동시장 버스정류장,화곡동,강서구,7,2056,3526
280,1131,꿈돌이공원 앞,화곡동,강서구,8,5908,12015
281,1132,등촌역 7번출구,등촌동,강서구,10,4808,9947
282,1135,강서구의회,등촌동,강서구,10,3784,9213
283,1136,등촌2파출소,등촌동,강서구,10,2861,4111
284,1137,등촌2동주민센터,등촌동,강서구,10,1635,2636
285,1139,용문사 버스정류장,등촌동,강서구,8,3941,7180
286,1140,목동사거리 버스정류장,화곡동,강서구,15,4612,8697
287,1141,곰달래 문화복지센터 1-1,화곡동,강서구,10,4921,8655
288,1145,곰달래 문화복지센터 1-2,화곡동,강서구,10,3121,5596
289,1146,곰달래사거리,화곡동,강서구,10,3669,6626
290,1148,볏골공원,화곡동,강서구,10,2810,4987
291,1149,신방화역환승주차장,마곡동,강서구,13,10827,20022
292,1150,송정역 1번출구,공항동,강서구,10,8171,15327
293,1151,마곡역1번출구,마곡동,강서구,25,4479,8886
294,1152,마곡역교차로,마곡동,강서구,10,7435,10853
295,1153,"발산역 1번, 9번 인근 대여소",등촌동,강서구,10,15876,31279
296,1155,기쁜우리복지관,가양동,강서구,10,6593,12053
297,1157,강서구청,화곡동,강서구,8,6421,11199
298,1158,가양역 8번출구,가양동,강서구,20,14594,30175
299,1159,서서울모터리움앞,가양동,강서구,20,5703,9553
300,1160,양천향교역 7번출구앞,가양동,강서구,20,16611,32708
301,1161,강서면허시험장앞,외발산동,강서구,10,1252,2400
302,1162,공항초등학교건너편,마곡동,강서구,10,4482,8256
303,1163,방화동강서기동대앞,방화동,강서구,10,3530,6841
304,1165,마곡중학교 후문,마곡동,강서구,20,2709,4977
305,1166,강서구립등빛도서관,등촌동,강서구,10,8237,18879
306,1167,마곡수명산파크3단지 교차로,내발산동,강서구,15,8327,17601
307,1168,마곡엠밸리10단지 앞,마곡동,강서구,10,4374,9163
308,1169,염창역 1번 출구,염창동,강서구,8,5706,10584
309,1170,강서구보건소 (삼성디지털 프라자),염창동,강서구,11,4034,6789
310,1171,염창동 새마을금고 건너편 (모닝글로리),염창동,강서구,8,5475,9898
311,1172,가양3동 주민센터,가양동,강서구,8,4302,7848
312,1173,강서구청사거리(SH타워),등촌동,강서구,15,9920,17991
313,1174,강서구청사거리(부민병원),등촌동,강서구,9,3069,6274
314,1175,대한항공 인력개발센터,등촌동,강서구,15,3786,5587
315,1177,수명중?고교,내발산동,강서구,10,4554,7770
316,1178,개화산역 2번 출구,방화동,강서구,10,2573,5625
317,1180,마곡엠밸리 15단지(1502동) 건너편,마곡동,강서구,15,5224,7449
318,1181,농수산식품공사 (강서지사),외발산동,강서구,10,1065,2073
319,1182,KBS 스포츠월드,화곡동,강서구,20,7228,13739
320,1183,KC 대학교,화곡동,강서구,10,926,1687
321,1184,마곡13단지,공항동,강서구,15,5690,9649
322,1185,등촌9단지,등촌동,강서구,10,4804,9055
323,1186,송정중학교,공항동,강서구,10,2541,4091
324,1187,강서수산물도매시장,외발산동,강서구,15,1706,2637
325,1188,롯데중앙연구소,마곡동,강서구,8,1759,3522
326,1190,마곡역 교차로(2번출구),마곡동,강서구,10,2438,4906
327,1191,마곡역 교차로(NH농협),마곡동,강서구,9,7690,13630
328,1192,마곡수명산파크 209동 건너편,내발산동,강서구,10,4367,8652
329,1193,마곡센트럴타워 1차,마곡동,강서구,15,7016,13205
330,1194,센서텍㈜,마곡동,강서구,10,3617,6453
331,1195,코오롱One&Only타워,마곡동,강서구,20,5984,12846
332,1196,서울식물원(문화센터) 건너편,마곡동,강서구,15,2996,5450
333,1197,엘펠리체 호텔 건너편,마곡동,강서구,20,9620,20474
334,1198,LG 사이언스파크,마곡동,강서구,20,3460,6750
335,1199,우장산역 3번출구,화곡동,강서구,13,5253,6057
336,1200,개화광역환승센터,개화동,강서구,10,766,1503
337,2701,마곡나루역 5번출구 뒤편,마곡동,강서구,15,21477,42757
338,2702,마곡 엠밸리2단지,마곡동,강서구,20,3420,5824
339,2703,서울도시가스 앞 ,염창동,강서구,20,165,0
340,2704,홈플러스(강서점),등촌동,강서구,10,647,0
341,2706,강서공업고등학교 앞,방화동,강서구,13,349,0
342,2707,한강아파트,가양동,강서구,13,482,0
343,2708,강서한강자이타워 앞,가양동,강서구,15,8,0
344,2709,강변아파트 310동 앞,가양동,강서구,20,218,0
345,2710,라이품 공영주차장 앞,가양동,강서구,30,535,0
346,2711,가로공원공영주차장 1번 출구,화곡동,강서구,9,411,0
347,2712,화곡터널입구교차로,화곡동,강서구,10,114,0
348,2713,우장초등학교 앞,화곡동,강서구,13,27,0
349,2714,발산1동주민센터교차로,내발산동,강서구,10,463,0
350,2715,마곡나루역 2번 출구 ,마곡동,강서구,25,1124,0
351,2716,롯데 R&D 센터,마곡동,강서구,30,96,0
352,2717,LG유플러스 마곡사옥,마곡동,강서구,30,1033,0
353,2718,마곡수명산파크1단지,마곡동,강서구,15,411,0
354,2719,마곡문화공원,마곡동,강서구,20,0,0
355,2720,힐스테이트에코,마곡동,강서구,30,1208,0
356,2721,등촌1-10단지 교차로,마곡동,강서구,12,490,0
357,2722,마곡 문영비지윅스,마곡동,강서구,20,459,0
358,2723,마곡 필네이처,마곡동,강서구,13,204,0
359,2724,(재)FITI시험연구원,마곡동,강서구,25,271,0
360,2725,서울식물원 식물문화센터,마곡동,강서구,20,216,0
361,2727,서울식물원 잔디마당 앞,마곡동,강서구,20,19,0
362,2728,마곡나루역 3번 출구,마곡동,강서구,30,643,0
363,2729,넥센 유니버시티 앞,마곡동,강서구,30,273,0
364,2730,마곡메가박스 앞,마곡동,강서구,30,462,0
365,2731,명덕고교,마곡동,강서구,14,274,0
366,2732,마곡수명산 1-2단지 ,마곡동,강서구,15,615,0
367,2733,마곡13단지 정문 앞,마곡동,강서구,15,961,0
368,2735,마곡 공공청사,마곡동,강서구,30,303,0
369,2736,마곡엠벨리7단지 M타워,마곡동,강서구,30,21,0
370,2737,까치산역 3번 출구,화곡동,강서구,10,533,0
371,2739,수명산파크1단지교차로,내발산동,강서구,10,50,0
372,2740,마곡레포츠센터,마곡동,강서구,30,141,0
373,2741,마곡수명산파크5-6단지,내발산동,강서구,8,447,0
374,2742,강서구민올림픽체육센터,등촌동,강서구,10,174,0
375,2102,봉림교 교통섬,신림동,관악구,20,23616,48721
376,2103,신림동 우방아파트,신림동,관악구,10,4513,10079
377,2104,사당역 5번출구,사당동,관악구,13,4327,8333
378,2105,미성동 신림체육센터,신림동,관악구,12,3559,6090
379,2106,난곡 새마을금고,신림동,관악구,12,5817,11254
380,2107,도림천 신화교,신림동,관악구,25,8008,17298
381,2108,은천치안센터,봉천동,관악구,20,3627,8367
382,2109,은천로입구 가로공원,신월동,관악구,15,6124,13280
383,2110,조원동 미성아파트,신림동,관악구,9,2397,5900
384,2111,서울대입구역 1번출구,봉천동,관악구,10,2975,7082
385,2112,서울대입구역 마에스트로,봉천동,관악구,15,2774,6690
386,2113,관악동작견인차량보관소,신림동,관악구,10,5978,9650
387,2115,관악농협농산물백화점,신림동,관악구,15,2947,6786
388,2116,에이스에이존빌딩,봉천동,관악구,9,2393,3797
389,2119,중앙동 동진빌딩,봉천동,관악구,10,3212,6804
390,2122,낙성대로 입구,봉천동,관악구,20,3233,6768
391,2127,보성운수차고지 맞은편,신림동,관악구,10,1192,3259
392,2128,관악구청교차로,봉천동,관악구,12,1351,2962
393,2129,낙성대 과학전시관,봉천동,관악구,10,1577,2993
394,2130,영어마을 관악캠프,봉천동,관악구,15,1162,1633
395,2135,신림역 5번출구,신림동,관악구,9,4637,10905
396,2136,신림역 8번출구,신림동,관악구,8,6376,14144
397,2137,KT&G 관악지점,봉천동,관악구,10,1865,4720
398,2139,서울신성초등학교,신림동,관악구,10,3641,13268
399,2140,신림1교 교차로,신림동,관악구,12,6344,12908
400,2141,미림여고입구 교차로,신림동,관악구,12,621,1491
401,2143,서울산업정보학교,신림동,관악구,10,1063,3457
402,2144,난우길입구,신림동,관악구,15,1742,4457
403,2145,은천초등학교 육교,봉천동,관악구,12,2232,4959
404,2148,낙성대역 3번출구 뒤,봉천동,관악구,10,1980,5150
405,2156,농협 관악문성지점,독산동,관악구,12,2594,6146
406,2159,인헌초교,봉천동,관악구,10,1317,3257
407,2160,관악구 보건소,봉천동,관악구,15,1294,3765
408,2164,관악우체국,신림동,관악구,8,3503,5878
409,2165,JK장평타워,봉천동,관악구,10,1020,2502
410,2167,낙성대역 1번출구,봉천동,관악구,12,1653,3895
411,2169,봉천역 2번출구,봉천동,관악구,7,3805,9143
412,2170,조원동서울본병원,신림동,관악구,10,2925,5122
413,2171,서울대입구역 5번출구,봉천동,관악구,17,4005,9091
414,2172,나들목공원,신림동,관악구,20,1685,3907
415,2173,당곡사거리,봉천동,관악구,10,11723,24563
416,2174,삼성디지털프라자관악점,신림동,관악구,10,2383,5361
417,2175,신림동걷고싶은문화의거리입구,신림동,관악구,10,2741,2738
418,2176,보라매공원 보도육교,신림동,관악구,15,5712,11503
419,2177,신대방역 2번 출구,신림동,관악구,19,16601,31112
420,2178,서울대학교 정문,신림동,관악구,15,1984,4428
421,2179,양녕로 입구,봉천동,관악구,7,3353,7132
422,2183,동방1교,신림동,관악구,20,16120,32706
423,2184,구암초등학교 버스정류장,봉천동,관악구,10,935,2065
424,2185,대학동 고시촌,신림동,관악구,10,3797,2455
425,2186,우리은행 낙성대역지점,봉천동,관악구,15,94,0
426,2187,현대시장사거리(신한은행),봉천동,관악구,15,194,0
427,2189,삼성서비스센터(관악점) ,봉천동,관악구,15,126,0
428,2190,도원맨션,봉천동,관악구,12,56,0
429,2191,대학동주민센터 ,신림동,관악구,10,114,0
430,2195,은천교회,신림동,관악구,15,141,0
431,2196,삼화페인트 봉천점,봉천동,관악구,10,88,0
432,2198,사랑의병원,봉천동,관악구,10,94,0
433,2199,신봉천주유소,봉천동,관악구,8,54,0
434,2200,관악문화원 건너편,신림동,관악구,20,9,0
435,3304,낙성대역 5번 출구,봉천동,관악구,15,0,0
436,3305,낙성대역 8번 출구,봉천동,관악구,10,0,0
437,3306,서울신우초등학교,신림동,관악구,10,0,0
438,3307,봉천고개 육교,봉천동,관악구,15,0,0
439,3310,영락고등학교,봉천동,관악구,15,0,0
440,3311,서울대입구역 4번 출구,봉천동,관악구,12,0,0
441,3500,군자역2번출구,중곡동,광진구,10,6151,12725
442,3501,광진구청 앞,자양동,광진구,10,7758,16313
443,3502,중곡역 1번출구,중곡동,광진구,15,2725,6233
444,3503,광진유진스웰,광장동,광진구,20,735,1788
445,3504,원일교회,자양동,광진구,8,6102,13050
446,3505,신양초교앞 교차로,자양동,광진구,12,3927,8749
447,3506,영동대교 북단,자양동,광진구,10,3880,9642
448,3507,어린이회관,능동,광진구,39,3168,6363
449,3508,화양사거리,화양동,광진구,10,7696,17813
450,3509,세종사이버대학교,군자동,광진구,20,8521,21648
451,3510,중곡SK아파트앞,중곡동,광진구,10,1883,4008
452,3516,구의아리수정수센터앞,구의동,광진구,10,2954,6159
453,3517,용마사거리,중곡동,광진구,10,5551,10803
454,3518,군자역 7번출구뒤,능동,광진구,8,10931,23537
455,3520,광진경찰서,구의동,광진구,10,5942,14985
456,3521,현대홈타운 뒷길,광장동,광진구,10,1082,2223
457,3523,건국대학교 과학관(이과대) 앞,화양동,광진구,10,1837,9123
458,3524,세종대학교,군자동,광진구,15,508,3781
459,3528,광진정보도서관,광장동,광진구,8,2952,8333
460,3529,어린이대공원정문,군자동,광진구,15,3640,7664
461,3533,건대입구역 사거리(롯데백화점),자양동,광진구,10,19459,43513
462,3534,건대입구역 5번출구 뒤,자양동,광진구,12,9344,22691
463,3535,중곡사거리(국민은행),중곡동,광진구,10,6131,12294
464,3536,중앙농협(자양동),자양동,광진구,10,6364,13649
465,3537,아차산 휴먼시아 아파트 옆,구의동,광진구,15,2065,4762
466,3541,커먼그라운드,자양동,광진구,20,10405,25356
467,3542,래미안 구의파크 스위트,구의동,광진구,17,4377,12217
468,500,어린이대공원역 3번출구 앞,화양동,광진구,10,8027,20976
469,501,광진구의회 앞,자양동,광진구,30,5391,10359
470,502,뚝섬유원지역 1번출구 앞,자양동,광진구,27,43880,70840
471,504,신자초교입구교차로,자양동,광진구,9,7626,20053
472,505,자양사거리 광진아크로텔 앞,자양동,광진구,10,12269,28714
473,515,광양중학교 앞,자양동,광진구,10,3361,7317
474,516,광진메디칼 앞,군자동,광진구,10,3774,9194
475,539,군자교교차로,중곡동,광진구,10,6086,10961
476,540,군자역 7번출구 베스트샵 앞,군자동,광진구,8,5532,14125
477,542,강변역 4번출구 뒤,구의동,광진구,19,7015,13946
478,543,구의공원(테크노마트 앞),구의동,광진구,20,4489,11330
479,544,광남중학교,광장동,광진구,20,4400,6403
480,546,잠실대교북단 교차로,자양동,광진구,8,4813,11141
481,548,자양나들목,자양동,광진구,20,7250,14885
482,549,아차산역 3번출구,구의동,광진구,10,6947,13664
483,551,구의삼성쉐르빌 앞,구의동,광진구,10,8121,17495
484,552,대림아크로리버 앞,구의동,광진구,10,2373,5759
485,553,중곡 성원APT 앞,중곡동,광진구,19,4391,6818
486,555,구의3동주민센터,구의동,광진구,9,2700,6739
487,571,어린이대공원역6번출구,군자동,광진구,20,3803,10569
488,572,국립정신 건강센터 앞,중곡동,광진구,20,1987,4022
489,573,구의문주차장 앞,능동,광진구,10,5177,11909
490,574,아차산역4번출구,능동,광진구,40,6990,14819
491,575,중앙농협 중곡지점,중곡동,광진구,10,1164,2417
492,576,광나루역 3번 출구,광장동,광진구,10,5373,9904
493,577,광진청소년수련관,광장동,광진구,10,5330,12522
494,584,광진광장 교통섬,군자동,광진구,20,7358,17418
495,588,뚝섬 유원지역,자양동,광진구,20,7525,12641
496,590,건국대학교 (입학정보관),화양동,광진구,20,7020,26120
497,591,건국대학교 (행정관),화양동,광진구,5,1044,6382
498,592,건국대학교 학생회관,화양동,광진구,30,3902,19112
499,593,자양중앙나들목,자양동,광진구,5,6727,13393
500,3543,세종대학교(학술정보원),군자동,광진구,15,1409,6
501,3563,구의7단지현대아파트,구의동,광진구,5,3,0
502,3564,나루마당,구의동,광진구,20,12,0
503,3566,우성4차아파트,자양동,광진구,10,116,0
504,3569,건대병원후문,화양동,광진구,10,282,0
505,3570,구의역 리버비스타 오피스텔,구의동,광진구,10,218,0
506,3571,화양 APT(횡단보도 옆),화양동,광진구,15,190,0
507,3573,광나루안전체험관,능동,광진구,15,0,0
508,3575,자양사거리 (LG 유플러스),자양동,광진구,6,228,0
509,3577,신자초교 입구 교차로(SC제일은행),자양동,광진구,10,337,0
510,3578,중곡동 파크웨이빌딩,중곡동,광진구,9,94,0
511,3579,광진 캠퍼스시티,화양동,광진구,20,213,0
512,3581,광진광장,군자동,광진구,15,88,0
513,3582,화양동 우체국,화양동,광진구,14,97,0
514,3586,군자역 비채온 오피스텔,군자동,광진구,8,118,0
515,1901,신도림동주민센터 앞,신도림동,구로구,10,3910,7912
516,1904,도림천역 1번 출구 앞,신도림동,구로구,10,5436,12039
517,1906,신도림역 1번 출구 앞,신도림동,구로구,20,17604,34714
518,1907,구일우성(아) 육교 밑,구로동,구로구,12,2522,5032
519,1908,해원리바파크 육교 밑,구로동,구로구,10,3852,8929
520,1910,낙원교회 맞은편,구로동,구로구,5,421,2338
521,1911,구로디지털단지역 앞,구로동,구로구,10,14526,29930
522,1912,한신휴아파트 앞,구로동,구로구,10,4082,9598
523,1913,구로리공원,구로동,구로구,10,2312,5066
524,1914,대림역4번출구,구로동,구로구,10,4785,10852
525,1916,구로중학교앞,구로동,구로구,10,1072,2987
526,1920,서울미래초등학교 사거리,구로동,구로구,10,3818,9254
527,1924,삼부르네상스파크빌,가리봉동,구로구,10,1799,3822
528,1925,동양미래대학교 정문 옆,고척동,구로구,20,10271,20321
529,1928,고척스카이돔구장 광장,고척동,구로구,10,3171,7319
530,1929,고척근린공원 고척도서관 앞,고척동,구로구,10,2149,5898
531,1930,개봉지구대 개봉치안센터,개봉동,구로구,7,1628,2974
532,1931,개봉역(북측광장),개봉동,구로구,10,4018,7813
533,1933,개봉푸르지오아파트 상가,개봉동,구로구,10,3511,6314
534,1936,개봉역 1번 출구 자전거보관서쪽,개봉동,구로구,10,2234,3043
535,1937,한진아파트 입구,개봉동,구로구,15,2550,3929
536,1941,오류동역 2번출구,오류동,구로구,10,3233,4979
537,1943,온수역 북측,온수동,구로구,10,1319,2313
538,1946,구로역 광장,구로동,구로구,10,4992,10317
539,1951,천왕이펜하우스 4단지 상가 앞,천왕동,구로구,20,1226,2673
540,1952,천왕연지타운2단지 앞,천왕동,구로구,15,4058,5723
541,1953,천왕역 4번출구 뒤,천왕동,구로구,20,2150,3649
542,1955,디지털입구 교차로,구로동,구로구,10,6387,14857
543,1956,도야미리숯불갈비 앞,신도림동,구로구,10,2976,6322
544,1957,구일고등학교 정문,구로동,구로구,15,3434,6975
545,1958,강서수도사업소민원센터,구로동,구로구,10,3399,7071
546,1959,구로구의회 앞,구로동,구로구,10,2467,6638
547,1960,화광신문사 앞,구로동,구로구,10,5852,12460
548,1961,신도림테크노근린공원,구로동,구로구,15,10767,23942
549,1962,가리봉동주민센터,구로동,구로구,15,2853,6575
550,1964,원메디타운 앞,고척동,구로구,10,2944,4890
551,1965,삼환로즈빌아파트 105동 옆,고척동,구로구,15,2181,4523
552,1966,한마을아파트 정문상가,개봉동,구로구,10,3388,6621
553,1967,참새공원(백곡경노당),개봉동,구로구,10,805,1508
554,1968,동인오피스텔 건너편 소공원,개봉동,구로구,12,1059,2181
555,1969,궁동생태공원,궁동,구로구,10,584,932
556,1971,오정초교 앞 보도육교,오류동,구로구,10,1087,1820
557,1973,오리로와 서해안도로 교차로 앞,오류동,구로구,10,1182,1772
558,1974,신도림2차e편한세상아파트 203동 앞,신도림동,구로구,10,3010,5927
559,1975,대림역 1번 출입구 밑,구로동,구로구,10,2953,7286
560,1976,남구로역 5번 출입구 앞,구로동,구로구,10,1018,2998
561,1977,천왕역 1번 출입구 앞,천왕동,구로구,15,2477,5047
562,1979,구로1동우체국 앞,구로동,구로구,10,612,1468
563,1981,천왕이펜하우스5단지 앞,천왕동,구로구,10,2033,3645
564,1983,구로동롯데아파트,구로동,구로구,10,3422,7916
565,1984,구로구청,구로동,구로구,10,3907,7043
566,1985,구로도서관,구로동,구로구,20,7491,21498
567,1986,태평양물산빌딩,구로동,구로구,15,5994,15599
568,1987,개봉아이파크아파트 앞,개봉동,구로구,15,4385,6671
569,1988,고척LIGA아파트 앞,고척동,구로구,20,5453,11032
570,1991,오류동역 맞은편,오류동,구로구,10,3749,6602
571,1992,구로구배드민턴실내체육관 앞,오류동,구로구,19,710,1106
572,1993,금강수목원아파트 앞,오류동,구로구,10,1559,2058
573,1994,삼성전자 물류센터 앞,구로동,구로구,10,2681,4775
574,1996,구일역 1번 출입구 앞,구로동,구로구,20,6157,8782
575,1998,고척교 교차로,구로동,구로구,8,4359,5845
576,1999,수궁동 성당 주변,궁동,구로구,15,1108,1977
577,2000,신도림4차 e편한세상 아파트 1109동 앞,신도림동,구로구,15,4535,8875
578,2801,대륭포스트타워1차,구로동,구로구,30,3925,5526
579,2804,항동지구 6단지 602동 앞,항동,구로구,20,33,0
580,2805,구로자원순환센터 ,항동,구로구,20,29,0
581,2806,항동지구 4단지 입구,항동,구로구,20,125,0
582,2807,항동지구 1단지 105동 앞,항동,구로구,20,147,0
583,2808,항동지구 2단지 202동 앞,항동,구로구,20,115,0
584,2809,항동지구 11단지 1103동 앞,항동,구로구,20,17,0
585,2810,항동지구 3단지 311동 앞,항동,구로구,20,22,0
586,2812,항동프라자,항동,구로구,18,139,0
587,2813,항동지구 3단지 302동 앞,항동,구로구,10,12,0
588,2814,항동지구 10단지 1001동 앞,항동,구로구,10,30,0
589,2815,항동지구 7단지 정문,항동,구로구,20,70,0
590,2816,항동지구 8단지 803동옆(주차장입구),항동,구로구,20,65,0
591,2817,천왕이펜하우5단지 앞,천왕동,구로구,15,89,0
592,2818,천왕이펜하우스3단지 앞,천왕동,구로구,20,61,0
593,2819,하늘숲초등학교 앞,천왕동,구로구,15,120,0
594,2820,신세기아파트 앞,개봉동,구로구,20,91,0
595,2821,청구아파트 앞,고척동,구로구,10,73,0
596,2822,제니스스포츠 앞,고척동,구로구,20,13,0
597,2823,중앙유통단지 앞,구로동,구로구,10,28,0
598,2824,미래사랑어린이공원 앞,신도림동,구로구,10,291,0
599,2825,초롱타운 앞,구로동,구로구,10,104,0
600,2826,가마산지하보도 옆,구로동,구로구,10,90,0
601,1804,독산역 2번출구 자전거주차장,가산동,금천구,10,4142,7227
602,1805,서울디지털운동장 앞,가산동,금천구,10,2586,4573
603,1806,에이스하이엔드타워9차 앞,가산동,금천구,10,2274,4246
604,1808,에이스하이엔드타워8차 앞,가산동,금천구,20,2455,4933
605,1809,LG전자 별관동(호서대 벤처타워 맞은편),가산동,금천구,10,1411,2753
606,1812,갑을그레이트밸리 앞,가산동,금천구,10,2066,3458
607,1814,두산위브아파트 옆 상가건물 앞,가산동,금천구,8,1878,5048
608,1816,금천폭포공원 앞,시흥동,금천구,20,849,1682
609,1819,금천구청 앞 자전거거치대,시흥동,금천구,10,2063,4294
610,1820,신한은행 시흥대로금융센터지점,독산동,금천구,10,902,1509
611,1821,홈플러스 시흥점 맞은편 다비치안경 앞,시흥동,금천구,10,2251,3712
612,1822,서울 시흥동우체국 앞,시흥동,금천구,10,2669,4560
613,1823,상신정비공업 앞,시흥동,금천구,20,1480,3490
614,1824,독산근린공원 입구,가산동,금천구,15,5953,8445
615,1825,한신아파트 앞 육교 아래,독산동,금천구,10,1696,2640
616,1826,한신코아 앞,독산동,금천구,20,2107,3846
617,1827,독산보도육교 앞 자전거 보관소,독산동,금천구,20,10307,13273
618,1828,한양수자인아파트 앞,독산동,금천구,10,1779,3664
619,1829,홈플러스 금천점 앞,독산동,금천구,10,3202,6687
620,1830,빅마켓 금천점 앞,독산동,금천구,15,2948,6897
621,1831,메이퀸웨딩컨벤션 앞,독산동,금천구,10,1260,3182
622,1833,독산역 1번출구 앞 자전거보관소,가산동,금천구,10,3503,7652
623,1834,월드메르디앙 벤처센터 2차,가산동,금천구,15,5713,10345
624,1835,STX V타워,가산동,금천구,10,2362,4176
625,1836,금천구립 독산도서관,독산동,금천구,7,48,1118
626,1839,수출의 다리 아래,가산동,금천구,20,3074,7006
627,1840,솔브레인이엔지 뒤편,가산동,금천구,20,1454,3599
628,1841,가산동 주민센터,가산동,금천구,10,2653,6644
629,1842,한울중학교,시흥동,금천구,15,835,2693
630,1843,독산고등학교,독산동,금천구,10,1399,3525
631,1845,롯데캐슬골드파크1차 서문,독산동,금천구,15,1647,3604
632,1846,롯데캐슬골드파크1차 동문,독산동,금천구,15,2795,7608
633,1847,독산주공 14단지 버스정류소,독산동,금천구,10,940,1593
634,1848,벽산 디지털밸리 5차,가산동,금천구,10,2170,5280
635,1849,대륭포스트타워5차,가산동,금천구,10,1218,2433
636,1850,코오롱테크노밸리,가산동,금천구,10,1620,3676
637,1851,가산디지털단지 7번출구,가산동,금천구,10,5263,11262
638,1852,혜명양로원 담장 옆,시흥동,금천구,10,1121,2178
639,1853,서울디자인직업전문학교 앞,독산동,금천구,10,832,1869
640,1854,가산아네스트 오피스텔 앞,독산동,금천구,10,1621,3544
641,1855,성지아파트 옆 도로변,시흥동,금천구,10,400,667
642,1856,모두의학교,독산동,금천구,10,1974,4430
643,1857,주공14단지,독산동,금천구,15,980,1890
644,1858,석수역1번출구 앞 (SK주유소),시흥동,금천구,10,1850,2057
645,1859,대륭테크노타운 18차,가산동,금천구,20,1642,3068
646,1861,IBK기업은행 석수역 지점 앞,시흥동,금천구,10,106,0
647,1862,스타즈호텔독산 빌딩 앞,독산동,금천구,30,351,0
648,1863,위너스 스포츠클럽 골프연습장옆,독산동,금천구,14,138,0
649,1864,산호시티빌 옆,독산동,금천구,15,112,0
650,1865,금천구청앞(M빌딩),독산동,금천구,10,163,0
651,1866,서울안천초등학교 옆,독산동,금천구,20,109,0
652,1867,대륭포스트타워6차 앞,가산동,금천구,20,772,0
653,1868,우리은행 시흥남자동화점 앞,시흥동,금천구,15,162,0
654,1869,롯데캐슬골드파크3차 301동 앞,독산동,금천구,15,276,0
655,1870,독산3동주민센터 앞,독산동,금천구,8,239,0
656,1601,석계역 문화광장 내 자전거 보관소,월계동,노원구,20,11218,19908
657,1602,광운대역 앞,월계동,노원구,15,4211,8662
658,1603,롯데캐슬 102동 코너(월계주유소건너),월계동,노원구,10,6288,8314
659,1605,헬스케어,월계동,노원구,10,5535,9031
660,1606,태릉입구역 3번출구,공릉동,노원구,10,3742,7554
661,1608,공릉역 1번 출구 앞,공릉동,노원구,10,11833,24946
662,1610,화랑대역 2번출구 앞,공릉동,노원구,20,7488,16233
663,1611,과기대 입구(우),공릉동,노원구,20,8116,19504
664,1616,하계2동 공항버스정류장 옆,하계동,노원구,10,9530,19171
665,1617,하계동 중평어린이공원 앞,하계동,노원구,20,6576,10675
666,1619,중계동 하나프라자빌딩 앞(중1-1),중계동,노원구,10,6707,9186
667,1620,중계동 노원구민체육센터 옆(중1-2),중계동,노원구,10,4304,9706
668,1623,노원 구민회관,중계동,노원구,20,8,15654
669,1625,상계역(4번출구),상계동,노원구,20,12476,23762
670,1627,수락산역 4번출구,상계동,노원구,13,0,708
671,1628,노일초등학교 앞,상계동,노원구,10,3175,4969
672,1630,수연빌딩 앞,상계동,노원구,10,3717,7557
673,1634,당고개공원 대여소,상계동,노원구,15,4077,8068
674,1635,상계3.4동 주민센터 대여소,상계동,노원구,11,1123,1929
675,1636,백병원 사거리 농협은행 앞,상계동,노원구,10,8244,18809
676,1637,KT 노원점 건물 앞,상계동,노원구,15,9213,19076
677,1639,희성오피앙,상계동,노원구,10,3645,5413
678,1640,한내근린공원 북측,월계동,노원구,10,4847,7213
679,1641,한내근린공원 남측,월계동,노원구,15,2146,4008
680,1642,서울여대 남문,공릉동,노원구,7,1855,5132
681,1643,태릉입구역 8번출구,공릉동,노원구,10,6812,9533
682,1646,삼육대 입구,공릉동,노원구,20,1919,2577
683,1650,중계근린공원내,중계동,노원구,20,11391,15278
684,1651,맥도날드 상계점 앞,상계동,노원구,20,3428,6215
685,1652,파르코 앞,상계동,노원구,10,1755,2256
686,1653,노원역1번출구,상계동,노원구,10,10553,22099
687,1654,당고개입구 오거리,상계동,노원구,15,1087,3805
688,1655,공릉1단지아파트,공릉동,노원구,15,8075,13884
689,1656,중앙하이츠 아파트 입구,상계동,노원구,10,5538,13948
690,1657,노원구청,상계동,노원구,20,3559,5819
691,1659,중계동 을지중학교,중계동,노원구,10,3257,6311
692,1660,서울시립과학관,하계동,노원구,8,1742,4074
693,1661,당현천근린공원,상계동,노원구,10,3489,7326
694,1662,노원역7번출구,상계동,노원구,15,4689,8875
695,1663,동해문화예술관앞,공릉동,노원구,20,7872,19631
696,1664,노해근린공원내,중계동,노원구,10,1562,2392
697,1665,양지근린공원앞,중계동,노원구,10,2856,7097
698,1666,노원소방서인근,상계동,노원구,10,4662,9258
699,1667,중계중학교,중계동,노원구,10,4399,8384
700,1668,중계역 6번출구,중계동,노원구,10,7498,15910
701,1669,중계역 3번출구,중계동,노원구,9,5532,12246
702,1670,노원경찰서교차로,하계동,노원구,15,4673,9183
703,1671,인덕대학교,월계동,노원구,15,3564,8140
704,1672,상계동수락리버시티,상계동,노원구,15,3053,5325
705,1673,노원역 5번출구,상계동,노원구,16,9880,19689
706,1674,서울북부고용센터앞,상계동,노원구,15,6250,11300
707,1675,월계문화체육센터,월계동,노원구,14,325,1798
708,1677,육군사관학교 앞,공릉동,노원구,10,3200,4822
709,1678,성서대학교 밀알관,상계동,노원구,15,847,3777
710,1679,삼육대 도서관,공릉동,노원구,15,800,2408
711,1680,삼육대 제3과학관,공릉동,노원구,10,167,722
712,1681,현대6차 아파트,중계동,노원구,12,2898,6795
713,1682,중계종합사회복지관 교차로,중계동,노원구,13,2809,6212
714,1683,노원문화예술회관,중계동,노원구,10,4315,8687
715,1684,태릉입구역 5번출구,중계동,노원구,20,7578,16026
716,1685,불암고등학교 앞 횡단보도,중계동,노원구,8,2380,5484
717,1686,온수골사거리(스타벅스앞),상계동,노원구,10,7146,12712
718,1688,마들역 7번출구,상계동,노원구,9,5385,10758
719,1689,마들역 3번출구,상계동,노원구,10,3761,7644
720,1690,도봉운전면허시험장,상계동,노원구,10,3492,6324
721,1691,노원정보도서관,상계동,노원구,10,2541,8828
722,1692,온곡초교 교차로,상계동,노원구,10,4338,8789
723,1693,원자력 병원,공릉동,노원구,15,1363,2509
724,1696,수락리버시티4단지,상계동,노원구,10,279,0
725,1697,상계주공2단지 219동,상계동,노원구,10,580,0
726,1700,상계보람아파트 202동 ,상계동,노원구,15,398,0
727,2901,공릉동풍림아파트 101동,공릉동,노원구,8,451,0
728,2902,공릉풍림아파트 108동,공릉동,노원구,12,570,0
729,2903,월계초안아파트 1단지,월계동,노원구,10,294,0
730,2904,중계3차청구아파트,중계동,노원구,8,374,0
731,2905,중계주공6단지,중계동,노원구,10,202,0
732,2907, 월계중학교,월계동,노원구,25,223,0
733,2908, 광운대학교 중앙도서관,월계동,노원구,20,377,0
734,2909, 석계역 3번 출구,창동,노원구,10,274,0
735,2910,도깨비시장,공릉동,노원구,10,829,0
736,2911,상계역중앙시장,상계동,노원구,30,428,0
737,2912,대진고등학교,하계동,노원구,20,785,0
738,2913,상계8동 주민센터,상계동,노원구,15,862,0
739,2914,서울과학기술대학교(미래관),공릉동,노원구,20,0,0
740,2915,서울과학기술대학교(어학교육원),공릉동,노원구,20,445,0
741,2917,신창중학교 후문 맞은편 버스정류장,월계동,노원구,10,411,0
742,2919,등나무 근린공원(시립북서울미술관 앞) ,중계동,노원구,15,908,0
743,2920,상계중학교(당현2교사거리),상계동,노원구,15,292,0
744,2921,중계역 2번출구,중계동,노원구,10,489,0
745,1702,녹천역 1번출구 앞,창동,도봉구,10,2395,5083
746,1703,도봉산광역환승센터앞,도봉동,도봉구,15,2033,3114
747,1705,도봉구청 정문앞,방학동,도봉구,8,4213,8423
748,1706,기업은행 앞,방학동,도봉구,10,3762,7639
749,1707,도봉구민회관,창동,도봉구,15,3639,8460
750,1708,보건소사거리(다비치안경창동점),창동,도봉구,8,4922,9556
751,1709,쌍문역4번출구 주변,창동,도봉구,15,5118,11028
752,1713,쌍문동 청소년 랜드,쌍문동,도봉구,10,2850,5165
753,1714,도봉문화정보도서관 삼거리,창동,도봉구,10,886,2176
754,1715,서울특별시교육청도봉도서관,쌍문동,도봉구,20,3081,5891
755,1716,하나로마트 창동점,창동,도봉구,10,6788,12041
756,1717,시립창동운동장 입구,창동,도봉구,15,1184,2506
757,1719,신도봉사거리 버스정류장,도봉동,도봉구,10,1806,3926
758,1720,도봉구청 옆(중랑천변),방학동,도봉구,27,8484,10844
759,1721,창동역 2번출구,창동,도봉구,12,8197,17743
760,1722,창동청소년수련관,창동,도봉구,15,2891,6079
761,1723,방학동학마을도서관,방학동,도봉구,10,3213,7047
762,1725,창1동주민센터,창동,도봉구,10,1486,3164
763,1726,삼익세라믹아파트교차로,쌍문동,도봉구,8,4339,8506
764,1727,서울도봉초등학교인근,도봉동,도봉구,15,1181,2281
765,1728,서울북부지방법원,도봉동,도봉구,15,1463,2470
766,1729,파리바게트앞,도봉동,도봉구,10,3699,6636
767,1730,도봉산역 교차로 앞,도봉동,도봉구,10,1068,1350
768,1731,도봉고등학교 맞은편,도봉동,도봉구,15,985,1750
769,1732,우리은행 앞,방학동,도봉구,10,2416,4000
770,1733,방학사거리 (봄마당 앞),방학동,도봉구,12,4520,8596
771,1734,쌍문현대1차아파트 108동 앞,쌍문동,도봉구,10,3602,7830
772,1735,"도봉역 1,2번 출구사이 건너편",도봉동,도봉구,13,2259,4037
773,1736,버스정류장 앞,창동,도봉구,12,1984,4872
774,1737,하나은행 (창동점),창동,도봉구,8,5387,8437
775,1738,창동주공17단지 상가앞,창동,도봉구,10,4728,9375
776,1741,제일강산수산입구,창동,도봉구,15,7234,14112
777,1742,북한산 코오롱 하늘채,쌍문동,도봉구,10,3008,7020
778,1743,창동19단지아파트 관리사무소앞,창동,도봉구,10,182,0
779,1744,KT방학지사 앞,방학동,도봉구,15,425,0
780,1746, 다이소방학점 앞,방학동,도봉구,10,0,0
781,1748, 피자헛 앞(도봉병원 옆),방학동,도봉구,7,98,0
782,1749, ESA아파트 상가 앞,방학동,도봉구,10,254,0
783,1750, 창포원 남쪽 입구,도봉동,도봉구,12,0,0
784,1751, 창원초등학교 교차로,창동,도봉구,25,0,0
785,1752, 창동 주공 4단지 입구 옆,창동,도봉구,10,167,0
786,1754, 창동시장입구 사거리,쌍문동,도봉구,10,139,0
787,1756,서울북부광역등기국,창동,도봉구,10,73,0
788,1757,솔밭공원역 1번출구 앞,쌍문동,도봉구,10,109,0
789,1758,북서울교회 버스정류소 앞,쌍문동,도봉구,10,143,0
790,1759,서울북부지방법원 앞,도봉동,도봉구,10,100,0
791,1761,방학중학교 앞,방학동,도봉구,10,140,0
792,1762,북한산 한신휴플러스APT앞,창동,도봉구,30,1,0
793,1765,쌍문역 1번 출구(양산부인과 빌딩),창동,도봉구,10,125,0
794,1767,태양중앙교회 앞,방학동,도봉구,10,0,0
795,1768,신동아타워 버스정류소,방학동,도봉구,8,180,0
796,1770,강북성복교회 주변,방학동,도봉구,8,328,0
797,1771,성원APT버스정류소,쌍문동,도봉구,15,225,0
798,1772,시립도봉노인복지관 버스정류소,쌍문동,도봉구,10,130,0
799,1774,반석교회(쌍문동),쌍문동,도봉구,8,46,0
800,1775,신원리베르텔 앞,창동,도봉구,15,136,0
801,600,휘경2동 주민센터,휘경동,동대문구,13,749,1161
802,601,용신동주민센터,용두동,동대문구,10,2434,5295
803,602,장안동 사거리,장안동,동대문구,10,11230,22435
804,604,답십리초등학교 옆 공원,답십리동,동대문구,15,2539,5317
805,605,신설동역8번출구,신설동,동대문구,8,3172,7712
806,606,휘경공고앞,휘경동,동대문구,14,2973,4682
807,607,신이문역 2번출구,이문동186-1,동대문구,10,3399,5518
808,608,전농삼성아파트,전농동,동대문구,10,794,2101
809,609,제기2교,제기동122-388,동대문구,20,6236,12801
810,610,동대문중 교차로,답십리동,동대문구,10,2399,4703
811,612,시립동부병원 앞 사거리,용두동,동대문구,20,5309,11269
812,613,신설동역 10번출구 앞,신설동,동대문구,10,5434,12939
813,614,용두동 사거리,용두동,동대문구,20,5496,13976
814,615,용두동 래미안허브리츠아파트 앞,용두동,동대문구,20,4019,7173
815,616,서울시립대 앞,전농동,동대문구,20,928,2927
816,617,청솔우성아파트 앞,답십리동,동대문구,20,3494,6799
817,621,동대문중학교 옆,장안동,동대문구,13,1103,2747
818,622,전농사거리 교통섬,전농동,동대문구,15,4346,8802
819,623,서울시립대 정문 앞,전농동,동대문구,20,5017,17043
820,624,전농동 동아아파트 앞,전농동,동대문구,10,4822,9809
821,625,답십리초등학교 앞(현대시장 옆),답십리동,동대문구,14,5455,11104
822,626,군자교 서측 녹지대,장안동,동대문구,10,4246,7195
823,627,장안동삼거리 교통섬,장안동,동대문구,10,5650,9910
824,628,휘봉고등학교 앞,휘경동,동대문구,15,1655,2996
825,630,동대문구 보건소,용두동,동대문구,15,5064,11701
826,631,답십리역 1번출구,답십리동,동대문구,15,6936,15998
827,633,청량리 기업은행 앞,청량리동,동대문구,8,6016,12833
828,634,외국어대 정문 앞,이문동,동대문구,20,8249,19271
829,635,시조사 앞 (청량고정문 옆),회기동,동대문구,12,5141,12309
830,636,세종대왕기념관 교차로,청량리동,동대문구,9,2278,5452
831,637,KAIST 경영대학 앞,청량리동,동대문구,10,3370,7941
832,638,서울시립대 정보기술관,전농동,동대문구,20,1300,6196
833,639,서울시립대 후문,전농동,동대문구,14,2525,10388
834,640,KEB하나은행 청량리역지점,청량리동,동대문구,6,2305,5137
835,641,용두역 4번출구,용두동,동대문구,10,6653,12763
836,643,동대문구민체육센터 (육교아래),장안동,동대문구,10,5205,8009
837,646,장한평역 1번출구 (국민은행앞),장안동,동대문구,10,9961,18667
838,647,신이문역 1번출구,이문동,동대문구,10,2983,5401
839,648,장안동위더스빌옆,장안동,동대문구,15,7203,14499
840,650,중랑교사거리,휘경동,동대문구,20,9458,16798
841,652,답십리 래미안엘파인아파트 입구,전농동,동대문구,20,1715,3072
842,654,전농동 텃골공원,전농동,동대문구,10,1739,4278
843,656,영휘원 교차로,청량리동,동대문구,10,2651,4449
844,657,동대문롯데캐슬아파트 앞,전농동,동대문구,13,3479,7419
845,658,촬영소 사거리,답십리동,동대문구,10,3148,6401
846,659,제기역1번출구,용두동,동대문구,15,5350,10541
847,660,동의보감타워,용두동,동대문구,10,4161,10827
848,661,경희대학교 청운관,회기동,동대문구,10,3310,9137
849,663,외대앞역 4번출구,휘경동,동대문구,10,5376,10121
850,664,서울시립대 대학본부,전농동,동대문구,10,1033,377
851,665,이문동 쌍용아파트 정문,이문동,동대문구,11,433,0
852,666,이문대성유니드아파트 앞,이문동,동대문구,20,80,0
853,667,청량차도 육교 밑,청량리동,동대문구,7,139,0
854,668,서울축산농협(장안지점),장안동,동대문구,10,996,0
855,669,청계신한신휴플러스앞 삼거리,답십리동,동대문구,10,434,0
856,670,삼육서울병원 버스정류장,휘경동,동대문구,9,1119,0
857,671,대광빌딩,신설동,동대문구,15,81,0
858,672,대광고등학교,신설동,동대문구,17,124,0
859,673,안암골벽산아파트(후문),제기동,동대문구,10,365,0
860,674,고대앞사거리 교통섬,제기동,동대문구,15,447,0
861,675,성복교회 앞 (장평교 아래),장안동,동대문구,10,587,0
862,676,FITI시험연구원 앞,제기동,동대문구,9,203,0
863,677,청량리역 4번 5번출구 사이,전농동,동대문구,20,451,0
864,678,장안힐스테이트(아) 앞,장안동,동대문구,15,434,0
865,679,전농SK아파트 앞,전농동,동대문구,10,152,0
866,680,꿈마루어린이도서관 앞,이문동,동대문구,15,567,0
867,681,서울특별시 동부교육지원청(육교),전농동,동대문구,15,52,0
868,2002,노들역 1번출구,본동,동작구,20,15688,26496
869,2003,사육신공원앞,노량진동,동작구,10,5764,10108
870,2007,유한양행앞,대방동,동작구,20,4626,9743
871,2008,노량진근린공원 대방공원,대방동,동작구,10,1338,3126
872,2009,보라매역 8번출구,대방동,동작구,10,2538,6674
873,2012,녹십초요양병원앞,신대방동,동작구,10,1688,3995
874,2013,장승배기역 5번출구,상도동,동작구,30,6160,14641
875,2015,신대방삼거리역 6번출구쪽,대방동,동작구,10,5973,13416
876,2016,신대방삼거리역 3번출구쪽,대방동,동작구,10,5012,10755
877,2020,장승배기역2번출구뒷편쪽,상도동,동작구,10,2463,4836
878,2024,상도역 1번출구,상도동,동작구,10,3692,8575
879,2025,흑석역 1번출구,흑석동,동작구,15,11884,19141
880,2026,흑석역 4번출구,흑석동,동작구,10,1765,3345
881,2027,중앙대학교 정문,흑석동,동작구,15,2424,5845
882,2032,이수역 11번출구쪽,사당동,동작구,10,5390,9219
883,2033,사당동 아르테스 웨딩앞,사당동,동작구,10,3241,7097
884,2034,사당역 7번출구쪽,사당동,동작구,20,4009,8422
885,2036,정금마을 마을버스정류장,방배동,동작구,20,2201,4818
886,2037,동작역 5번출구 동작주차공원,동작동,동작구,20,3177,4910
887,2038,동작역 7번출구,동작동,동작구,10,660,1375
888,2040,비계 버스정류소,흑석동,동작구,10,1052,1113
889,2041,사당중학교 버스정류소,사당동,동작구,10,960,2125
890,2048,삼일초등학교 인근,사당동,동작구,10,1816,4371
891,2050,노량진역 5번출구,노량진동,동작구,10,8550,17580
892,2054,삼익아파트,노량진동,동작구,10,3301,7998
893,2056,동작구민 체육센터,신대방동,동작구,10,3498,9038
894,2057,상도 아이파크 아파트,상도동,동작구,10,1501,3147
895,2058,노량진동 맥도널드앞,노량진동,동작구,10,7105,13980
896,2059,보라매공원 정문,신대방동,동작구,10,5094,9535
897,2060,남성역3번출구 뒤,사당동,동작구,10,3854,7987
898,2061,한강 현대아파트 건너편,흑석동,동작구,10,594,989
899,2062,사당새마을금고,사당동,동작구,10,1065,2249
900,2063,대방역 4번출구,신길동,동작구,15,4918,10192
901,2064,흑석한강푸르지오 106동앞,흑석동,동작구,10,986,1378
902,2065,서울시여성가족재단,대방동,동작구,15,3022,6862
903,2066,양문교회 앞,신대방동,동작구,10,4803,12864
904,2067,LG전자 베스트? 대리점 앞,고덕동,동작구,10,3042,8004
905,2068,총신대 앞(육교),사당동,동작구,12,421,761
906,2069,숭실대 입구역3번 출구 앞,상도동,동작구,7,2497,4942
907,2070,노량진역 2번 출구 앞,노량진동,동작구,12,4928,11174
908,2071,대림아파트 후문 상가 옆,사당동,동작구,10,686,2260
909,237,보라매 두산위브 건너편,신길동,동작구,20,4168,10147
910,2073,동작상떼빌 103동 앞,신대방동,동작구,20,1,0
911,2076,노들나루공원 입구,본동,동작구,18,853,0
912,2077,노들역 3번출구,본동,동작구,10,175,0
913,2078,흑석 아크로리버하임(103동),흑석동,동작구,20,0,0
914,2079,중앙대학교 정문,흑석동,동작구,25,0,0
915,2080,빕스 대방점 앞,대방동,동작구,15,122,0
916,2081,대방1차 e편한세상 앞,대방동,동작구,15,137,0
917,2082,7호선 이수역7번출구,사당동,동작구,10,8,0
918,2083,흑석롯데캐슬에듀포레(107동),흑석동,동작구,15,4,0
919,2084,e편한세상 상도노빌리티 앞,상도동,동작구,25,125,0
920,2085,강남중학교 앞,대방동,동작구,20,111,0
921,2086,삼일수영장 앞,사당동,동작구,22,21,0
922,2088,상도중앙하이츠빌 입구,상도동,동작구,10,78,0
923,2089,사당역10번출구(금강빌딩),사당동,동작구,10,126,0
924,2090,기아자동차 사당점 앞,사당동,동작구,15,98,0
925,2091,이수역9번출구(맥도날드),사당동,동작구,15,96,0
926,2092,흑석한강푸르지오(110동),흑석동,동작구,15,44,0
927,2093,상도SH빌아파트 입구,상도동,동작구,12,15,0
928,2094,숭실대학교(중문) ,상도동,동작구,30,23,0
929,2095,경문고등학교 앞,동작동,동작구,10,99,0
930,2096,서울특별시 동작관악교육지원청,상도동,동작구,13,6,0
931,101,(구)합정동 주민센터,합정동,마포구,5,2359,5869
932,102,망원역 1번출구 앞,서교동,마포구,20,10304,23816
933,103,망원역 2번출구 앞,망원동,마포구,14,7205,15770
934,104,합정역 1번출구 앞,서교동,마포구,13,6421,13970
935,105,합정역 5번출구 앞,합정동,마포구,5,3797,6829
936,106,합정역 7번출구 앞,합정동,마포구,10,14507,26389
937,107,신한은행 서교동금융센터점 앞,서교동,마포구,5,7957,18041
938,108,서교동 사거리,서교동,마포구,10,5473,12764
939,109,제일빌딩 앞,당인동,마포구,10,5163,13962
940,111,상수역 2번출구 앞,상수동,마포구,10,5931,11355
941,112,극동방송국 앞,상수동,마포구,10,4241,11022
942,113,홍대입구역 2번출구 앞,동교동,마포구,25,19363,48740
943,114,홍대입구역 8번출구 앞,동교동,마포구,15,9142,21347
944,118,광흥창역 2번출구 앞,창전동,마포구,10,4689,10506
945,119,서강나루 공원,구수동,마포구,10,5531,10386
946,120,신수동 사거리,신수동,마포구,5,1754,4575
947,121,마포소방서 앞,신수동,마포구,15,2925,6243
948,122,신성기사식당 앞,신수동,마포구,10,3547,7758
949,124,서강대 정문 건너편,신수동,마포구,20,4768,11821
950,125,서강대 남문 옆,신수동,마포구,15,2132,9953
951,126,서강대 후문 옆,대흥동,마포구,20,4850,15635
952,127,현대벤처빌 앞,노고산동,마포구,15,1388,3801
953,129,신촌역(2호선) 6번출구 옆,노고산동,마포구,15,3685,9716
954,130,신촌역(2호선) 7번출구 앞,노고산동,마포구,10,6244,13758
955,136,대흥동 주민센터,노고산동,마포구,7,985,2447
956,142,아현역 4번출구 앞,아현동,마포구,11,1884,4637
957,143,공덕역 2번출구,공덕동,마포구,9,3960,9686
958,144,공덕역 8번출구,공덕동,마포구,10,10855,20073
959,145,공덕역 5번출구,공덕동,마포구,9,3880,9098
960,146,마포역 2번출구 뒤,도화동,마포구,12,8736,17076
961,147,마포역 4번출구 뒤,도화동,마포구,7,7874,15526
962,148,용강동 주민센터 앞,용강동,마포구,11,6794,10839
963,150,서강대역 2번출구 앞,노고산동,마포구,15,5101,10949
964,151,망원1동주민센터,망원동,마포구,10,7784,14759
965,152,마포구민체육센터 앞,망원동,마포구,30,25281,38417
966,153,성산2교 사거리,성산동,마포구,10,6367,11790
967,154,마포구청역,망원동,마포구,13,8224,16733
968,155,가좌역1 번출구 뒤,성산동123-29,마포구,15,4768,9933
969,156,서울서부지방법원 앞,공덕동,마포구,10,2976,7039
970,157,애오개역 4번출구 앞,아현동,마포구,12,4197,10276
971,181,망원초록길 입구,망원동,마포구,15,2100,2518
972,182,망원2빗물펌프장 앞,망원동,마포구,10,9253,15050
973,183,하늘채코오롱아파트 건너편,연남동,마포구,15,9559,22035
974,184,SK망원동주유소 건너편,망원동,마포구,9,6311,13648
975,185,마포 신수공원 앞,현석동,마포구,15,4918,9675
976,186,월드컵공원,상암동,마포구,40,11778,13831
977,199,서울 월드컵 경기장,성산동,마포구,30,3037,8061
978,400,상암한화오벨리스크 1차 앞,상암동,마포구,15,2985,7053
979,401,상암월드컵파크 10단지 앞,상암동,마포구,15,3041,5884
980,402,상암월드컵파크 9단지 앞,상암동,마포구,20,3261,6625
981,403,부엉이공원 앞,상암동,마포구,20,2349,6083
982,405,DMC빌 앞,상암동,마포구,8,2326,4962
983,406,상암월드컵파크 7단지 앞,상암동,마포구,15,2035,4691
984,407,마포구 육아종합지원센터,상암동,마포구,8,2906,6284
985,408,LG CNS앞,상암동,마포구,20,3269,7773
986,409,누리꿈스퀘어 옆,상암동,마포구,25,7675,17834
987,410,상암중학교 옆,상암동,마포구,10,1403,3235
988,411,DMC홍보관,상암동,마포구,9,4002,8158
989,412,DMC산학협력연구센터 앞,상암동,마포구,20,5392,12448
990,413,상암월드컵파크 3단지 후문,상암동,마포구,9,2227,5050
991,414,상암동주민센터 옆,상암동,마포구,8,4290,9324
992,415,DMC역 9번출구 앞,상암동,마포구,10,6828,18567
993,416,상암월드컵파크 1단지 교차로,상암동,마포구,12,2803,7361
994,417,DMC역 2번출구 옆,증산동,마포구,20,6005,13004
995,418,월드컵경기장역 3번출구 옆,성산동,마포구,10,9825,17999
996,419,홈플러스 앞,성산동,마포구,21,8767,18905
997,420,서울시 공공자전거 상암센터,상암동,마포구,40,4846,8095
998,421,마포구청 앞,성산동,마포구,8,9193,21401
999,422,문화비축기지,성산동,마포구,13,819,4362
1000,424,롯데하이마트 (상암월드컵점),상암동,마포구,15,1583,3182
1001,425,DMC첨단산업센터,상암동,마포구,10,1626,3140
1002,426,서울신용보증재단,공덕동,마포구,10,4455,7381
1003,427,성산시영아파트,성산동,마포구,10,4186,6856
1004,432,마포중앙도서관,성산동,마포구,10,2109,5953
1005,436,이대역 5번출구,대흥동,마포구,10,1299,3304
1006,437,대흥역 1번출구,대흥동,마포구,12,3595,7600
1007,438,성산2-1 공영주차장,성산동,마포구,15,7090,13669
1008,439,마포어린이공원,마포동,마포구,10,7249,11376
1009,440,하늘공원 입구,상암동,마포구,15,3752,4285
1010,487,신석초교앞 교차로 교통섬,용강동,마포구,26,306,0
1011,488,푸르메병원,상암동,마포구,10,0,0
1012,489,구룡근린공원,상암동,마포구,10,71,0
1013,490,가온문화공원,상암동,마포구,10,502,0
1014,491,월드컵파크 4단지,상암동,마포구,10,156,0
1015,492,성산시영아파트 후문,중동,마포구,10,281,0
1016,493,홍대입구역 6번출구,서교동,마포구,7,542,0
1017,495,염리초등학교 앞,도화동,마포구,10,436,0
1018,497,합정동주민센터 앞,합정동,마포구,20,744,0
1019,498,연남동주민센터 앞,연남동,마포구,10,797,0
1020,3002,벽산상암스마트큐브 ,성산동,마포구,10,1132,0
1021,3003,래미안공덕3차아파트,공덕동,마포구,5,38,0
1022,3005,마포구청 청사내,성산동,마포구,20,168,0
1023,3006, 상암월드컵파크5단지(상암중학교),상암동,마포구,15,120,0
1024,3007,MBC 앞,상암동,마포구,10,347,0
1025,3008,DMC역7번출구,상암동,마포구,10,65,0
1026,3009,서교동사거리,서교동,마포구,10,732,0
1027,3010,홍대입구역 3번출구,동교동,마포구,15,922,0
1028,3011,경의선(노고산동),동교동,마포구,10,355,0
1029,110,사천교,연희동,서대문구,20,2892,7712
1030,115,사루비아 빌딩 앞,창천동,서대문구,15,4362,11421
1031,116,일진아이윌아파트 옆,연희동,서대문구,5,5828,13105
1032,117,홍은사거리,창전동,서대문구,25,11270,19086
1033,123,문화촌 공원,홍제동,서대문구,20,6989,12364
1034,128,신촌역(2호선) 1번출구 옆,창천동,서대문구,20,5947,15985
1035,131,증산2교,북가좌동,서대문구,23,8627,14224
1036,133,해담는다리,북가좌동,서대문구,15,7171,12974
1037,134,연세로 명물길,창천동,서대문구,8,3338,6911
1038,135,명물길 원형무대 앞,창천동,서대문구,10,2310,5834
1039,137,NH농협 신촌지점 앞,대현동,서대문구,10,1273,3982
1040,138,신촌동 제1공영주차장 앞,북가좌동,서대문구,10,2133,5040
1041,139,연세대 정문 건너편,창천동,서대문구,13,1590,4972
1042,140,이화여대 후문,신촌동,서대문구,20,2150,6172
1043,141,연대 대운동장 옆,신촌동,서대문구,20,2298,6583
1044,158,독립문 어린이 공원,영천동,서대문구,15,2561,4809
1045,159,이대역 4번 출구,대현동,서대문구,7,1011,3739
1046,160,북아현동 가구거리,북아현동,서대문구,20,2566,5768
1047,161,무악재역1번 출구,홍제동,서대문구,8,1580,2887
1048,162,봉원고가차도 밑,대신동,서대문구,15,2877,8721
1049,163,명지전문대학교 정문 앞,홍은동,서대문구,7,1334,3456
1050,164,북가좌1동 주민센터,북가좌동,서대문구,10,2140,4266
1051,165,중앙근린공원,북가좌동,서대문구,20,4950,9637
1052,166,가재울 초등학교,연희동,서대문구,20,8611,13306
1053,167,연가초등학교 옆,북가좌동,서대문구,15,2153,4783
1054,169,북가좌 삼거리,북가좌동,서대문구,15,2193,4365
1055,170,가재울 뉴타운 주유소 옆,남가좌동,서대문구,10,4310,8192
1056,171,임광빌딩 앞,미근동,서대문구,10,2268,4903
1057,173,서대문역 8번출구 앞,홍은동,서대문구,8,2171,5449
1058,175,홍연2교옆,홍은동,서대문구,20,8065,15744
1059,176,명지대학교 도서관,남가좌동,서대문구,10,6196,15387
1060,177,북가좌 초등학교,북가좌동,서대문구,8,2110,4587
1061,178,증산3교 앞,북가좌동,서대문구,10,3973,7088
1062,179,가좌역 4번출구 앞,남가좌동,서대문구,15,5353,10501
1063,180,충정로역 7번출구 아래,홍은동,서대문구,10,3144,6816
1064,188,홍은동 정원여중 입구,홍은동,서대문구,10,4658,7857
1065,191,서우빌딩(바른학원),북가좌동,서대문구,10,2799,5561
1066,192,연서어린이공원,연희동,서대문구,10,2261,5287
1067,194,증산교 앞,북가좌동,서대문구,10,5875,11240
1068,195,모래내고가차도,연희동,서대문구,10,2177,4584
1069,196,연희교차로 인근,연희동,서대문구,10,1355,2953
1070,198,충정2교,충정로3가,서대문구,15,2515,5837
1071,3100,북성초교,북아현동,서대문구,8,983,2656
1072,3101,서대문구청,연희동,서대문구,15,3948,7522
1073,3102,연희삼거리,연희동,서대문구,10,3940,9039
1074,3103,홍제삼거리 북측,홍제동,서대문구,8,2720,4930
1075,3104,e편한세상 신촌4단지 앞,북아현동,서대문구,13,2557,5387
1076,3105,홍은센트레빌 아파트 앞,홍은동,서대문구,12,1436,2892
1077,3106,홍남교 두바퀴쉼터,연희동,서대문구,12,6937,11110
1078,3107,연희초등학교 앞,연희동,서대문구,7,1662,3870
1079,3109,북한산더샾 106동 앞,홍은동,서대문구,15,37,0
1080,3110,홍은 현대아이파크 아파트 202동 앞,홍은동,서대문구,15,73,0
1081,3111,무악재역 4번 출구,홍제동,서대문구,10,31,0
1082,3112,독립문역 5번 출구,현저동,서대문구,9,19,0
1083,3113,독립문역사거리,현저동,서대문구,25,33,0
1084,3114,충정로역 3번 출구,합동,서대문구,12,68,0
1085,3115,북아현 치안센터 인근,북아현동,서대문구,20,100,0
1086,3116,신촌역 4번출구,창천동,서대문구,10,111,0
1087,3117,이화여대 인문관 인근,대신동,서대문구,10,56,0
1088,3119,연희 브라운스톤 아파트 앞,연희동,서대문구,10,205,0
1089,3120,DMC엘가아파트 앞,남가좌동,서대문구,12,162,0
1090,3121,가좌삼거리,북가좌동,서대문구,15,125,0
1091,3122,북가좌삼거리2,북가좌동,서대문구,30,94,0
1092,3123,DMC파크뷰자이1단지 110동 앞,남가좌동,서대문구,30,49,0
1093,3124,DMC센트럴아이파크아파트,남가좌동,서대문구,20,0,0
1094,3125,연희파크푸르지오아파트 앞,연희동,서대문구,15,0,0
1095,3126,남가좌동 제2공영주차장,남가좌동,서대문구,10,57,0
1096,3127,홍은2파출소 옆,홍은동,서대문구,10,44,0
1097,3128,동신병원 맞은편,홍은동,서대문구,7,80,0
1098,3129,DMC래미안e편한세상203동옆,북가좌동,서대문구,20,107,0
1099,3130,가재울사거리,남가좌동,서대문구,20,0,0
1100,3131,연가교 교차로,홍제동,서대문구,15,87,0
1101,3132,홍제교,홍제동,서대문구,20,37,0
1102,3133,핀란드 타워앞,대현동,서대문구,18,27,0
1103,3134,SK리체블(상수도사업본부),합동,서대문구,10,60,0
1104,2201,본마을 정류소 앞,신원동,서초구,20,746,1501
1105,2202,청계산입구역 1번출구,신원동,서초구,20,3648,10076
1106,2203,청계산입구역 2번출구,신원동,서초구,20,812,1697
1107,2205,내곡3단지 어린이공원 앞,내곡동,서초구,15,1855,4126
1108,2206,언남초등학교 앞,내곡동,서초구,20,3236,7216
1109,2207,내곡파출소 뒤 정자,내곡동,서초구,9,381,1090
1110,2210,반포1동 주민센터 앞,반포동,서초구,15,1566,3338
1111,2211,서초구립반포도서관 앞,반포동,서초구,10,2512,6628
1112,2212,서초현대4차아파트 201동 맞은편,서초동,서초구,20,1365,3675
1113,2213,고속터미널역 5번출구 앞,반포동,서초구,20,4729,9807
1114,2214,신반포역 2번출구 앞,반포동,서초구,15,5390,10148
1115,2215,반포종합운동장 입구,반포동,서초구,10,2657,6219
1116,2217,아크로리버뷰 부지 앞,잠원동,서초구,20,9775,16934
1117,2219,"고속터미널역 8-1번, 8-2번 출구 사이",반포동,서초구,20,23416,45704
1118,2220,반포본동 주민센터 앞,반포동,서초구,10,9891,16202
1119,2221,하나은행 방배동지점 앞,방배동,서초구,15,4074,8667
1120,2222,사당역 12번출구 뒤,사당동,서초구,10,6030,12811
1121,2223,방배래미안 정문 앞,방배동,서초구,20,1161,2699
1122,2225,백석예술대학교 제3캠퍼스 앞,방배동,서초구,15,528,1848
1123,2226,신동아럭스빌아파트 앞,방배동,서초구,15,573,1863
1124,2227,방배열린문화센터 앞,방배동,서초구,15,3201,7989
1125,2228,뒷벌공원 옆,방배동,서초구,20,5079,10343
1126,2229,로고스교회 맞은 편,방배동,서초구,10,1005,2836
1127,2230,이수역 4번 출구,사당동,서초구,20,5588,15441
1128,2231,삼성타운(삼성생명) A동 맞은편,서초동,서초구,15,5773,14229
1129,2233,서초신동아1차아파트 옆,방배동,서초구,20,2402,5704
1130,2235,KT 서초지사 앞,반포동,서초구,15,1740,4718
1131,2237,서울남부터미널 대합실 입구,서초동,서초구,20,2817,7214
1132,2239,교대역 6번출구,서초동,서초구,10,1606,5126
1133,2241,양재전화국 사거리,도곡동,서초구,11,1059,3282
1134,2242,양재역 11번 출구 앞,서초동,서초구,20,3545,7878
1135,2243,서울가정법원,양재동,서초구,15,2362,6490
1136,2244,교육개발원입구 교차로,우면동,서초구,20,4157,10898
1137,2245,양재초등학교 맞은편,양재동,서초구,20,1662,4910
1138,2246,서울시 품질시험소 앞,우면동,서초구,15,2140,4782
1139,2247,섬들근린공원,우면동,서초구,25,5052,10302
1140,2248,서초리슈빌S 글로벌 앞,우면동,서초구,10,1577,3846
1141,2249,우솔초등학교 맞은편,우면동,서초구,10,1079,2012
1142,2250,서초유치원 맞은편,우면동,서초구,10,2345,4231
1143,2251,더케이호텔 입구(양재2),양재동,서초구,10,3061,6211
1144,2252,하이브랜드 앞,양재동,서초구,25,4582,11575
1145,2255,시민의숲역 1번출구 옆,양재동,서초구,25,6246,16048
1146,2256,양재동 꽃시장 입구,양재동,서초구,10,2060,3493
1147,2257,하나로클럽 양재점 맞은편,양재동,서초구,10,783,1482
1148,2258,구룡사 삼거리,개포동,서초구,20,938,2534
1149,2259,잠원역 3번-4번 출구사이,잠원동,서초구,15,3252,7227
1150,2262,한신16차아파트 119동 앞,잠원동,서초구,20,12951,19755
1151,2263,바우뫼문화복지회관,우면동,서초구,20,2307,6308
1152,2264,이수역 1번출구,방배동,서초구,9,7340,14943
1153,2265,이수고가차도 남단,방배동,서초구,10,5617,6040
1154,2266,서초역 3번출구,서초동,서초구,15,2680,7307
1155,2268,서초4동주민센터,서초동,서초구,10,2311,5766
1156,2269,주홍교 하부,잠원동,서초구,10,1072,2710
1157,2270,서초포레스타 7단지,신원동,서초구,10,1309,2411
1158,2271,내방역 8번출구 앞,방배동,서초구,8,2378,5763
1159,2272,교대입구 교차로,서초동,서초구,10,818,2674
1160,2273,일동제약 사거리,양재동,서초구,10,2608,5444
1161,2274,양재시민의숲역 3번출구,양재동,서초구,10,4534,11014
1162,2275,염곡치안센터 건너편,염곡동,서초구,10,229,530
1163,2276,영동1교 (양재천근린공원),양재동,서초구,15,3120,6483
1164,2277,길마중4교 하부,잠원동,서초구,10,3374,7182
1165,2279,교대역 5번출구뒤,서초동,서초구,10,3808,10388
1166,2280,서울서초고용센터앞,서초동,서초구,10,1696,5572
1167,2281,연세사랑병원신관앞,방배동,서초구,7,1165,2848
1168,2282,방배래미안아트힐 101동앞,방배동,서초구,15,748,2314
1169,2283,그룹한빌딩옆,방배동,서초구,10,713,2338
1170,2284,CJ오쇼핑앞,방배동,서초구,10,615,2077
1171,2285,LH서초3단지 301동 맞은편,우면동,서초구,15,2190,3854
1172,2286,탑성마을입구,염곡동,서초구,10,233,583
1173,2287,능안마을입구,내곡동,서초구,10,85,275
1174,2288,안골마을입구,내곡동,서초구,10,156,373
1175,2289,남태령역 2번출구,방배동,서초구,10,456,1133
1176,2290,서래마을파리15구공원앞,반포동,서초구,10,3293,7221
1177,2292,무지개아파트 앞,서초동,서초구,15,1304,3581
1178,2293,SPC 앞,양재동,서초구,10,2138,5820
1179,2294,두상빌딩 앞,양재동,서초구,15,3825,7720
1180,2297,남부터미널역 1번출구,서초동,서초구,10,2185,4813
1181,2298,래미안서초스위트앞,서초동,서초구,12,1224,3161
1182,2299,한전아트센터 앞,서초동,서초구,12,2446,5926
1183,2501,서초 포레스타5단지,신원동,서초구,10,2414,5500
1184,2502,서초역1번출구 앞,서초동,서초구,9,1526,4196
1185,2503,반포1동 서초빌딩 앞,서초동,서초구,10,2712,6523
1186,2504,신사역 4번출구 뒤,잠원동,서초구,10,2827,6002
1187,2505,우성아파트사거리 (기업은행앞),서초동,서초구,12,3754,8949
1188,2506,LG유플러스 (방배사옥),방배동,서초구,10,956,2840
1189,2508,양재이스타빌 앞,양재동,서초구,10,3229,7596
1190,2509,KT반포지사,반포동,서초구,16,1973,3137
1191,2510,JW타워,서초동,서초구,8,786,1684
1192,2511,이수역 6번출구 앞,방배동,서초구,10,3035,6181
1193,2514,사평역 2번출구,반포동,서초구,10,26,0
1194,2515,서초초등학교 후문,서초동,서초구,15,34,0
1195,2516,본마을 노인복지센터 앞,신원동,서초구,10,64,0
1196,2517,서초3교(효령로69길 방면),방배동,서초구,20,33,0
1197,2518,서초3교(효령로70길 방면),서초동,서초구,20,52,0
1198,2519,서초2교(사임당로 방면),서초동,서초구,15,10,0
1199,2520,서초1교 (진흥아파트 방면),서초동,서초구,20,46,0
1200,2521,서초 크로바타워 앞,서초동,서초구,13,36,0
1201,2523,뉴코아 킴스클럽 앞,잠원동,서초구,10,222,0
1202,2524,반포쇼핑타운 8동 앞,잠원동,서초구,10,0,0
1203,2525,반포쇼핑타운 2동 앞,잠원동,서초구,15,4,0
1204,2526,반포경남쇼핑 앞,잠원동,서초구,10,230,0
1205,2527,반포중학교 앞(세화여고 맞은편),반포동,서초구,10,86,0
1206,2528,함지박 사거리,방배동,서초구,10,106,0
1207,2529,우리은행 방배동지점 앞,방배동,서초구,12,192,0
1208,2530,삼호3차아파트 앞,방배동,서초구,15,221,0
1209,2531,멤피스아파트 앞,방배동,서초구,10,209,0
1210,2532,국립국악원 앞,서초동,서초구,10,22,0
1211,2533,한가람미술관 앞,서초동,서초구,10,41,0
1212,2534,신흥교(애견훈련소),내곡동,서초구,10,17,0
1213,2535,신반포역 3번출구 뒤,반포동,서초구,15,59,0
1214,2536,서초종합체육관 입구,원지동,서초구,20,6,0
1215,2537,양재역 8번출구 앞,양재동,서초구,10,95,0
1216,2538,사평리 공원,잠원동,서초구,10,210,0
1217,2539,대한무역투자진흥공사 KOTRA 앞,염곡동,서초구,10,0,0
1218,2540,반포천 앞,반포동,서초구,10,102,0
1219,2541,옛골 입구,신원동,서초구,15,17,0
1220,2542,신논현역2번출구(신논현타워 앞),반포동,서초구,10,137,0
1221,2545,국립중앙도서관(국제회의장옆),반포동,서초구,18,7,0
1222,3511,응봉역 1번출구,응봉동,성동구,10,13500,19363
1223,3513,상왕십리역 1번출구,하왕십리동,성동구,10,4089,11077
1224,3514,왕십리교회옆,상왕십리동,성동구,10,5624,13155
1225,3515,서울숲 관리사무소,성수동,성동구,20,12635,17663
1226,3525,금호스포츠센터앞,금호동4가,성동구,15,4935,6337
1227,3527,왕십리 자이아파트,하왕십리동,성동구,8,139,746
1228,3530,왕십리자이아파트 후문(삼거리),하왕십리동,성동구,15,1079,2194
1229,3531,논골사거리(금호도서관 입구),금호동,성동구,15,581,1027
1230,3532,왕십리KCC스위첸아파트,하왕십리동,성동구,15,365,1448
1231,3538,서울숲 IT캐슬,성수동,성동구,14,2880,4303
1232,506,금호 어울림 아파트 앞,송정동,성동구,7,1470,3123
1233,507,성수아이에스비즈타워 앞,성수동,성동구,7,4202,10242
1234,508,성수아카데미타워 앞,성수동,성동구,10,4367,8699
1235,509,이마트 버스정류소 옆,성수동,성동구,20,9446,20939
1236,510,서울숲 남문 버스정류소 옆,성수동,성동구,10,6054,8510
1237,511,서울숲역 4번 출구 옆,성수동,성동구,16,6442,15991
1238,512,뚝섬역 1번 출구 옆,성수동,성동구,15,10557,18947
1239,513,뚝섬역 5번 출구 정류소 옆,성수동,성동구,13,8579,17797
1240,514,성수사거리 버스정류장 앞,성수동,성동구,7,6255,14054
1241,518,청계천 박물관 앞,마장동,성동구,20,3207,6756
1242,519,양지사거리,홍익동,성동구,20,3002,6551
1243,520,상왕십리역 4번 출구 앞,하왕십리동,성동구,10,2644,5534
1244,521,왕십리역 11번 출구 앞,행당동,성동구,14,5735,12684
1245,522,금호역 1번출구 앞,금호동,성동구,9,1051,2228
1246,523,옥수동성당 옆,옥수동,성동구,11,307,780
1247,524,래미안금호하이리버 아파트 102동 옆,금호동,성동구,10,1426,2711
1248,525,한양대병원사거리,행당동,성동구,20,10611,20314
1249,526,용답토속공원 앞,용답동,성동구,10,3766,8626
1250,529,장한평역 8번 출구 앞,용답동,성동구,15,3901,9815
1251,530,청계벽산아파트 앞,하왕십리동,성동구,9,5508,9861
1252,533,우리은행 금호동 지점 앞,금호동,성동구,7,1523,3083
1253,534,금호사거리,금호동,성동구,20,1202,2513
1254,535,응봉삼거리,응봉동,성동구,16,2358,4801
1255,536,행당역 2번출구 앞,행당동,성동구,8,3192,6223
1256,537,한양대후문역 부근,행당동,성동구,10,4733,9650
1257,538,답십리역 8번출구 앞,용답동,성동구,15,2362,6518
1258,550,서울시설공단 앞,마장동,성동구,15,3701,7967
1259,556,달맞이공원,금호동,성동구,20,774,1079
1260,557,도선동 주민센터 앞,홍익동,성동구,10,3206,7761
1261,558,성동광진 교육지원청 앞,행당동,성동구,20,4558,11145
1262,559,왕십리역 4번 출구 건너편,행당동,성동구,10,6777,16188
1263,560,비전교회 앞,송정동,성동구,8,4804,9929
1264,561,서울숲역 2번출구 앞,성수동,성동구,10,5760,10003
1265,562,군자지하보도 앞,송정동,성동구,10,3696,8362
1266,563,성동세무서 건너편,성수동,성동구,10,5745,12053
1267,564,금호역 3번출구,금호동,성동구,15,404,737
1268,565,옥수역 3번출구,옥수동,성동구,20,17882,27767
1269,567,성수역 2번출구 앞,성수동,성동구,15,9110,20403
1270,568,청계8가사거리 부근,신설동,성동구,10,8937,19079
1271,569,응봉현대아파트 정류소,응봉동,성동구,10,927,1807
1272,578,성동세무서 부근,송정동,성동구,8,4845,10165
1273,579,마장역 4번출구,마장동,성동구,8,4536,9915
1274,581,용답초등학교,용답동,성동구,13,2199,3990
1275,582,경일중학교 앞,성수동,성동구,10,4302,9744
1276,583,청계천 생태교실 앞,마장동,성동구,20,18769,25892
1277,583,청계천 생태교실 앞,마장동,성동구,5,18769,25892
1278,585,성수2가1동 공영주차장 인근,성수동,성동구,9,7850,18308
1279,586,마장동 주민센터,마장동,성동구,10,2509,4356
1280,587,유니베라 앞,성수동,성동구,10,4252,8411
1281,589,성수역3번출구,성수동,성동구,8,9739,20709
1282,594,중랑물재생센터(서울새활용플라자),용답동,성동구,15,1642,3435
1283,3544,한양대역 3번 출구,행당동,성동구,10,282,0
1284,3545,한양대역 1번출구,행당동,성동구,10,530,0
1285,3547,상왕십리역 6번 출입구,하왕십리동,성동구,10,0,0
1286,3548,뚝섬역 6번출구,성수동,성동구,10,48,0
1287,3549,건영아파트 앞,송정동,성동구,9,49,0
1288,3550,금호나들목,금호동,성동구,20,355,0
1289,3551,성동도로사업소,용답동,성동구,15,110,0
1290,3552,서울숲 공영주차장앞,성수동,성동구,10,455,0
1291,3553,마장역3번출구,마장동,성동구,10,133,0
1292,3555,양지사거리(센트라스APT 115동앞),마장동,성동구,20,33,0
1293,3556,신금호파크자이APT앞,금호동,성동구,15,18,0
1294,3557,서울숲리버뷰자이APT105동 앞,행당동,성동구,10,91,0
1295,3558,마장동 금호어울림APT앞,마장동,성동구,10,220,0
1296,3559,성동구민종합체육센터 앞,성수동,성동구,10,867,0
1297,3560,성동구 견인차량 보관소 앞,용답동,성동구,10,461,0
1298,3561,행당동 삼부APT후문,행당동,성동구,10,14,0
1299,1302,한성대입구역6번출구 뒤,동소문동,성북구,5,2814,4834
1300,1303,돈암초교 입구,동소문동,성북구,10,3696,8415
1301,1304,만해공원,성북동,성북구,15,1014,2300
1302,1305,성북구청,삼선동,성북구,15,2866,6551
1303,1306,한성대입구역2번출구,동소문동,성북구,10,4294,11312
1304,1308,안암로터리 버스정류장 앞,안암동,성북구,18,15381,38142
1305,1313,정릉교회 앞,정릉동,성북구,10,0,2670
1306,1314,정릉꿈에그린1단지 201동 앞,정릉동,성북구,8,1436,2243
1307,1315,고려사대부속중고 정문,정릉동,성북구,10,1301,3109
1308,1316,고려사대부속중고 건너편,정릉동,성북구,20,936,3105
1309,1318,길음역 3번출구 뒤,길음동,성북구,10,3222,8502
1310,1319,종암사거리 분수대,종암동,성북구,10,5715,13076
1311,1320,LG베스트샵 종암점,종암동,성북구,10,5853,12312
1312,1321,국민은행 종암동지점 앞,종암동,성북구,14,7027,16567
1313,1322,래미안라센트아파트 103동 앞,종암동,성북구,10,3023,6662
1314,1323,월곡역 입구 육교 밑,하월곡동,성북구,10,2605,5026
1315,1325,상월곡역 4번출구,상월곡동,성북구,10,1882,3886
1316,1326,상월곡역 1번출구,상월곡동,성북구,10,2564,5067
1317,1327,상월곡역 3번출구,상월곡동,성북구,10,3613,6799
1318,1328,월곡역 3번출구,하월곡동,성북구,10,7715,15312
1319,1332,석계역 5번출구 건너편,월계동,성북구,10,6551,11645
1320,1333,석관초등학교 앞,석관동,성북구,15,5145,9797
1321,1334,석관동주민센터 앞,석관동,성북구,10,2947,5204
1322,1336,성북3교 위,삼선동,성북구,20,6160,10927
1323,1337,돈암성당 옆,보문동,성북구,10,9380,19173
1324,1338,용문2교 옆,보문동,성북구,15,2978,6866
1325,1339,삼성전자서비스 성북센터,하월곡동,성북구,9,3628,7502
1326,1340,광운초등학교 앞,한천로,성북구,11,4166,3105
1327,1342,성북쉼터 앞,장위동,성북구,15,795,1439
1328,1343,한성대7번출구 앞,동소문동,성북구,10,2513,4524
1329,1344,아리랑시네센터 앞,돈암동,성북구,10,1864,3739
1330,1346,길음8골어린이공원 옆,길음동,성북구,15,2830,6160
1331,1347,길음래미안아파트817동 상가 앞,길음동,성북구,20,1426,3166
1332,1348,성북제일새마을금고 본점 앞,길음동,성북구,12,1591,3327
1333,1349,월계2교 버스정류장 앞,장위동,성북구,10,1920,3413
1334,1351,안암2교 옆,안암동,성북구,8,6032,11695
1335,1352,e 편한세상 보문아파트 내,보문동,성북구,8,976,2450
1336,1353,금호어울림센터힐 내,돈암동,성북구,8,1159,2174
1337,1354,고려대학교 2번출구,종암동,성북구,18,5712,15461
1338,1355,보문2교,동선동,성북구,20,7978,13767
1339,1357,북한산보국문역,정릉동,성북구,20,1833,3731
1340,1358,정릉도서관 앞,정릉동,성북구,7,1898,3598
1341,1359,장위뉴타운 꿈에 숲 코오롱 하늘채 앞,장위동,성북구,20,2667,4719
1342,1360,정릉역,정릉동,성북구,10,2688,3232
1343,1361,홍익중고 입구,성북동,성북구,20,3104,6755
1344,1362,보문역6번출구 앞,신설동,성북구,10,3942,8743
1345,1363,보문4교 인근,안암동,성북구,15,6168,12023
1346,1364,성북동 치안센터 앞,성북동,성북구,10,2093,4342
1347,1365,선잠단지 앞,성북동,성북구,15,825,1935
1348,1366,일신초등학교 옆,종암동,성북구,10,1283,2276
1349,1367,길음문화복합미디어센터,길음동,성북구,15,1325,2921
1350,1368,성신여대입구 교차로,동선동,성북구,10,3517,7727
1351,1369,미아사거리,성북구,성북구,15,4422,7398
1352,1370,복자사랑 피정의 집,성북동,성북구,20,1642,3136
1353,1372,KEB은행 고대점,안암동,성북구,15,6479,14579
1354,1373,성북구보건소 건너편,하월곡동,성북구,8,3132,4860
1355,1375,생명의 전화 종합복지관 앞 교차로,하월곡동,성북구,20,5439,8980
1356,1376,한국과학기술연구원 중문,하월곡동,성북구,7,785,1924
1357,1377,한국과학기술연구원 북문,하월곡동,성북구,10,687,2143
1358,1379,길음뉴타운푸르지오아파트 3단지,정릉동,성북구,15,15,0
1359,1380,월곡역 5번출구 앞,하월곡동,성북구,10,214,0
1360,1381,석계역 4번출구 뒤,석관동,성북구,10,196,0
1361,1382,월곡래미안아파트 입구,하월곡동,성북구,10,0,0
1362,1383,성북동 주민센터 건너편,성북동,성북구,10,118,0
1363,1384,성신여대입구역 5번출구,동선동,성북구,10,333,0
1364,1385,성신여대입구역 3번출구 앞,동소문동,성북구,10,59,0
1365,1386,동선고가차도 초입,동선동,성북구,10,83,0
1366,1388,커핀그루나루,동소문동,성북구,10,35,0
1367,1390,석관래미안아트리치,석관동,성북구,10,220,0
1368,1391,성북청소년센터,장위동,성북구,20,108,0
1369,1392,돈암삼성풍림아파트,돈암동,성북구,10,8,0
1370,1393,미아 구름다리,돈암동,성북구,10,27,0
1371,1394,길음뉴타운 래미안9단지,길음동,성북구,10,542,0
1372,1395,레미안장위포레카운티(102동),장위동,성북구,20,101,0
1373,1396,레미안장위퍼스트하이(513동),장위동,성북구,20,170,0
1374,1397,래미안월곡아파트 (창문여고 건너편),하월곡동,성북구,10,86,0
1375,1201,가락시장역 3번 출구,가락동,송파구,10,7136,17337
1376,1203,밀리아나2빌딩 앞,가락동,송파구,20,7790,17117
1377,1204,거여역 3번출구,거여동,송파구,10,4004,7146
1378,1205,종합운동장역 4번출구,잠실동,송파구,15,3871,9263
1379,1206,9호선종합운동장역 9번출구,잠실동,송파구,20,4896,13647
1380,1207,마천CU우방점 앞,마천동,송파구,10,2674,4902
1381,1208,풍납현대아파트쉼터,풍납동,송파구,20,6513,14177
1382,1209,잠실나루역 (2번 출구 쪽),신천동,송파구,20,14499,28273
1383,1210,롯데월드타워(잠실역2번출구 쪽),신천동,송파구,30,19408,48987
1384,1211,방이삼거리,송파동,송파구,7,9758,22604
1385,1212,송파역 2번 출구앞,가락동,송파구,10,7810,24767
1386,1213,백토공원 앞,오금동,송파구,20,3342,7586
1387,1214,오금역 7번 출구 인근,오금동,송파구,10,3907,8452
1388,1215,올림픽공원역 1번출구 앞,방이동,송파구,15,4437,9932
1389,1217,송파파인타운 7단지,장지동,송파구,15,2951,6582
1390,1218,방이역 4번출구,방이동,송파구,12,7138,14907
1391,1220,잠실본동주민센터뒤 잠실근린공원,잠실동,송파구,15,5249,13269
1392,1221,삼전사거리 포스코더샵,잠실동,송파구,10,5958,12924
1393,1222,잠실새내역 5번 출구 뒤,잠실동,송파구,15,14492,33569
1394,1224,아시아지하보도 2번 출구,잠실동,송파구,15,5084,12584
1395,1226,잠실4동 주민센터 옆,신천동,송파구,10,5260,11353
1396,1227,거여역 8번출구 뒤,거여동,송파구,10,4066,6650
1397,1228,마천사거리,거여동,송파구,10,3919,8064
1398,1229,송파체육문화회관 앞,거여동,송파구,15,3041,6026
1399,1230,송파중학교 정문,가락동,송파구,10,3165,6659
1400,1231,잠실역 6번출구,잠실동,송파구,10,8010,16781
1401,1232,롯데마트 주차장 옆,잠실동,송파구,10,4210,9796
1402,1233,잠실3거리(갤러리아팰리스),잠실동,송파구,9,2749,6155
1403,1235,잠실트리지움310동 옆,잠실동,송파구,14,5574,13076
1404,1239,문정 법조단지3,문정동,송파구,20,1877,3143
1405,1240,문정 법조단지4,문정동,송파구,10,1541,3364
1406,1241,문정 법조단지5,문정동,송파구,15,1521,3822
1407,1242,문정 법조단지6,문정동,송파구,15,585,1049
1408,1243,문정 법조단지7,문정동,송파구,20,8304,19320
1409,1244,문정 법조단지8,문정동,송파구,7,6295,17259
1410,1245,문정 법조단지9,문정동,송파구,10,5071,12693
1411,1246,문정 법조단지10,장지동,송파구,30,5229,10475
1412,1247,문정 법조단지11,문정동,송파구,15,3447,7859
1413,1248,방이초등학교,방이동,송파구,20,5731,13169
1414,1249,아주중학교건너편,잠실동,송파구,10,3429,8001
1415,1250,문정2동 주민센터,문정동,송파구,10,1840,3126
1416,1251,석촌역 2번출구,송파동,송파구,10,10093,23763
1417,1253,오금역 3번 출구 뒤,가락동,송파구,10,2707,4281
1418,1256,문정현대아파트 교차로,문정동,송파구,8,2902,7391
1419,1257,가락시장역 롯데마트앞,가락동,송파구,20,4930,10536
1420,1258,가락미륭아파트 앞,가락동,송파구,10,1407,3312
1421,1259,방이역 1번출구,오금동,송파구,15,5815,12085
1422,1260,방이동 한양3차아파트 옆,방이동,송파구,8,4730,10723
1423,1262,송파여성문화회관 앞,송파동,송파구,10,5146,12619
1424,1263,장지공영차고지,장지동,송파구,10,957,2218
1425,1264,천호역 10번 출구 앞,풍납동,송파구,8,7061,14441
1426,1265,문정동 근린공원,문정동,송파구,10,6040,15850
1427,1266,문정동 글샘 공원,문정동,송파구,10,1484,3663
1428,1269,리센츠아파트,잠실동,송파구,10,4392,9633
1429,1271,송파도서관,오금동,송파구,15,3378,9249
1430,1274,영파여고 앞,풍납동,송파구,20,3035,6602
1431,1275,거여초등학교 옆,오금동,송파구,15,1730,3390
1432,1277,오금동 송파 참병원,오금동,송파구,8,4552,8891
1433,1278,송파구청 교차로,방이동,송파구,10,7234,15864
1434,1279,마천금호어울림 1차아파트 건너편,마천동,송파구,10,2045,3694
1435,1280,송파파크데일 2단지입구 앞 주차장,마천동,송파구,20,2087,4221
1436,1282,송파소방서 맞은편(성내4교),마천동,송파구,10,4897,9615
1437,1283,오금공원 사거리,오금동,송파구,8,1343,3085
1438,1285,위례별 유치원 뒤,장지동,송파구,15,2241,4468
1439,1286,위례중앙푸르지오 1단지 앞,장지동,송파구,10,4058,8306
1440,1287,위례아이파크 101동 맞은편,장지동,송파구,8,1646,3175
1441,1288,문정중교 사거리,문정동,송파구,15,4938,13270
1442,1289,풍납동 자전거보관소,풍납동,송파구,10,2041,4130
1443,1290,위례송파꿈에그린아파트24단지 앞 성벽 다리 밑,장지동,송파구,10,2704,4794
1444,1291,서울체육고등학교 앞,방이동,송파구,10,3058,10035
1445,1293,석촌호교차로 (스타벅스 앞),삼전동,송파구,10,6907,17346
1446,1295,잠실역 8번출구,신천동,송파구,20,13041,26587
1447,1296,석촌호수교차로 (송파나루근린공원 앞),잠실동,송파구,10,2518,5650
1448,1297,석촌호수교차로(동호 팔각정 앞),잠실동,송파구,10,5459,12533
1449,1299,송파소방서 (방이119안전센터),방이동,송파구,15,1792,4934
1450,1300,오륜사거리,방이동,송파구,15,2127,3800
1451,2601,석촌호수 서호사거리,잠실동,송파구,10,6283,16497
1452,2603,송파 글마루 도서관,잠실동,송파구,10,2497,6560
1453,2604,삼표레미콘 앞,풍납동,송파구,10,3295,7395
1454,2605,복정역 1번 출구 앞,장지동,송파구,15,1465,3030
1455,2606,위례동주민센터 맞은편 근린공원,거여동,송파구,10,3412,5094
1456,2607,복정역 2번출구 후문 (장지치안센터),장지동,송파구,15,2487,4981
1457,2608,송파구청,신천동,송파구,15,4473,12993
1458,2609,보성중고등학교 후문 앞,방이동,송파구,10,627,1155
1459,2610,여흥레이크빌 앞 (석촌호수 까페거리),송파동,송파구,10,4785,9429
1460,2611,송파지역자활센터 뒤,풍납동,송파구,7,4965,8704
1461,2612,문정·가락 대여소 앞,가락동,송파구,10,269,584
1462,2613,잠실나들목,잠실동,송파구,18,11793,19421
1463,2614,가락고등학교 앞,송파동,송파구,15,4164,9275
1464,2615,테라타워2,문정동,송파구,15,6329,14127
1465,2616,거여동 사거리,거여동,송파구,10,1596,3289
1466,2617,가락삼환아파트 앞,가락동,송파구,15,4027,8025
1467,2618,삼전역 1번출구,잠실동,송파구,14,4557,10557
1468,2619,석촌고분역 4번출구,삼전동,송파구,9,9033,21327
1469,2620,송파나루역 4번 출구옆,방이동,송파구,15,10360,23971
1470,2621,한성백제역 2번 출구,방이동,송파구,15,11310,22922
1471,2622,올림픽공원역 3번출구,방이동,송파구,20,14951,28485
1472,2623,석촌동 주민센터,석촌동,송파구,15,703,0
1473,2625,가락1동 주민센터,가락동,송파구,15,408,0
1474,2626,경찰병원,가락동,송파구,15,114,0
1475,2627,문정시영아파트 5동 앞 공원,문정동,송파구,10,0,0
1476,2628,문정역 1번출구,문정동,송파구,15,567,0
1477,2629,문정동 힐스데이트 에코 송파,문정동,송파구,15,425,0
1478,2630,서울방이동 고분군,방이동,송파구,12,691,0
1479,2631,배명고등학교,삼전동,송파구,15,398,0
1480,2632,석촌고분역 2번 출구,석촌동,송파구,9,642,0
1481,2633,송파학사 옆,장지동,송파구,20,332,0
1482,2634,위례포레샤인아파트 2318동,장지동,송파구,15,221,0
1483,2635,잠실새내역 1번출구,잠실동,송파구,15,352,0
1484,2637,잠실월드 메르디앙,잠실동,송파구,15,730,0
1485,2638,쌍용아파트,풍납동,송파구,8,0,0
1486,2639,석촌역 8번출구,석촌동,송파구,18,799,0
1487,2641,송파역 4번출구,가락동,송파구,10,1122,0
1488,2642,마천동 성내천 쉼터,마천동,송파구,12,421,0
1489,2643,풍납중학교 측면,풍납동,송파구,10,942,0
1490,2644,성내5교 (GS주유소),오금동,송파구,10,432,0
1491,2645,잠실나들목2(엘스아파트136동),잠실동,송파구,10,1234,0
1492,2646,레이클펠리스101동앞,잠실동,송파구,15,656,0
1493,2647,잠실 자전거 수리센터 앞,잠실동,송파구,15,377,0
1494,2648,헬리오시티 112동 앞,가락동,송파구,30,606,0
1495,2649,오금공원사거리2,오금동,송파구,10,126,0
1496,2650,위례22단지 2208동 다리앞,장지동,송파구,11,0,0
1497,2651,경찰병원역 3번출구 앞,가락동,송파구,20,466,0
1498,2652,송파 레미니스1단지 102동 앞,오금동,송파구,20,312,0
1499,2653,올림픽공원사거리(선수촌아파트),방이동,송파구,20,615,0
1500,2654,올림픽선수촌아파트 136동 앞,방이동,송파구,10,264,0
1501,2655,송이공원,송파동,송파구,20,490,0
1502,2656,풍납동 아이파크 107동 앞,풍납동,송파구,10,0,0
1503,2657,송파 파인타운 11단지,장지동,송파구,10,4,0
1504,700,KB국민은행 염창역 지점 앞,목동,양천구,20,7022,13903
1505,701,목동사거리 부근,목동,양천구,8,2661,5702
1506,702,목4동주민센터 옆,목동,양천구,16,3590,6281
1507,703,오목교역 7번출구 앞,목동,양천구,12,10506,21278
1508,704,남부법원검찰청 교차로,신정동,양천구,15,10062,18794
1509,706,신정네거리역,신월동,양천구,15,4607,8619
1510,707,신정3동주민센터,신정동,양천구,10,1844,2965
1511,708,서울출입국관리사무소 앞,신정동,양천구,16,8929,16516
1512,709,신정3동 현장민원실 앞,신정동,양천구,20,2314,2797
1513,710,서부화물트럭터미널 사거리,신정동,양천구,12,955,3479
1514,711,신일해피트리아파트 앞,신월동,양천구,20,1661,3329
1515,712,강월초교입구 사거리,신월동,양천구,14,2670,5051
1516,713,양서중학교 옆,신월동,양천구,20,2252,3404
1517,714,한국SGI 양천문화회관 앞,신월동,양천구,10,2307,4156
1518,716,신정6동 주민센터 인근,신정동,양천구,15,7700,15340
1519,719,홍익병원앞 교차로,목동,양천구,10,4162,8898
1520,720,서울강월초등학교 앞,신월동,양천구,10,1310,2470
1521,722,LG전자베스트샵 신정점,신정동,양천구,10,5599,10013
1522,723,SBS방송국,목동,양천구,15,8249,17140
1523,724,계남공원 입구 주출입구 좌측,신정동,양천구,15,793,1175
1524,725,양강중학교앞 교차로,신정동,양천구,15,1498,3438
1525,726,목동3단지 시내버스정류장,목동,양천구,15,5838,10445
1526,729,서부식자재마트 건너편,신정동,양천구,10,5307,8528
1527,731,서울시 도로환경관리센터,목동,양천구,10,5936,11801
1528,732,신월동 이마트,신월동,양천구,10,2608,4163
1529,733,신정이펜하우스314동,신정동,양천구,10,2006,3190
1530,734,신트리공원 입구,신정동,양천구,10,4045,6196
1531,735,영도초등학교,목동,양천구,10,5354,10029
1532,736,오솔길공원,신월동,양천구,10,3131,5818
1533,737,장수공원,신월동,양천구,10,2446,3979
1534,739,신월사거리,신월동,양천구,15,2675,6267
1535,740,으뜸공원,신월동,양천구,10,2676,5113
1536,741,화곡로 입구 교차로,신월동,양천구,10,1079,1640
1537,742,등촌역 5번 출구 뒤,목동,양천구,10,2457,5048
1538,743,현대6차아파트 101동 옆,신정동,양천구,10,1965,3266
1539,744,신목동역 2번 출구,목동,양천구,10,4760,8749
1540,745,강서초등학교,목동,양천구,10,2232,4245
1541,746,목동2단지 상가,목동,양천구,10,6026,10615
1542,747,목동3단지 상가,목동,양천구,10,3199,6960
1543,748,목동운동장,목동,양천구,15,1042,2162
1544,749,이대 목동병원 앞,목동,양천구,10,4627,6633
1545,750,연의근린공원 건너편,신정동,양천구,10,2583,3743
1546,752,성원2차 아파트,목동,양천구,10,2693,4773
1547,754,목동1단지아파트 118동 앞 (월촌초등학교 정류소 옆,목동,양천구,10,3415,6712
1548,755,목동1단지아파트 상가 앞 (월촌중학교 버스정류소 옆),목동,양천구,10,5627,10186
1549,756,목동주차장,목동,양천구,10,4659,9216
1550,757,신정이펜하우스 1단지아파트 입구 사거리,신정동,양천구,10,1533,2209
1551,758,한사랑교회 앞,신정동,양천구,10,4559,8164
1552,759,보아스아파트 앞,신월동,양천구,9,2168,3318
1553,760,잣절보도육교 아래,신정동,양천구,10,1402,2467
1554,762,오목로 무중력지대 앞,목동,양천구,10,4760,6777
1555,763,목동11단지 아파트,신정동,양천구,10,2237,3669
1556,764,목동청소년수련관,목동,양천구,30,6377,11621
1557,765,오목교역 3번출구,목동,양천구,10,10679,13020
1558,766,신목동역 3번출구,목동,양천구,15,6901,7799
1559,767,신정숲속마을아파트,신정동,양천구,10,39,0
1560,768,목동5단지아파트 501동,신정동,양천구,15,256,0
1561,769,CBS방송국 앞,목동,양천구,20,361,0
1562,770,목동역5번출구 교통정보센터 앞,목동,양천구,10,743,0
1563,771,목동아파트 703동 앞,목동,양천구,8,375,0
1564,773,"염창역 3, 4번 출구 사이",목동,양천구,10,263,0
1565,774,등촌역 4번 출구 ,목동,양천구,11,109,0
1566,775,세종그랑시아 앞(102동),목동,양천구,10,150,0
1567,776,목마공원,목동,양천구,15,76,0
1568,777,신월6차보람아파트 앞,신월동,양천구,10,218,0
1569,779,양천나눔누리센터,신정동,양천구,10,288,0
1570,780,신정교 하부,신정동,양천구,15,414,0
1571,781,신정보도육교 아래,신정동,양천구,10,350,0
1572,782,서남병원 후문,신정동,양천구,20,128,0
1573,785,"양천구청, 보건소 사잇길",신정동,양천구,15,1410,0
1574,786,목동아파트 8단지 상가동 앞,신정동,양천구,9,267,0
1575,787,양천아파트 입구,신정동,양천구,10,1284,0
1576,788,양천구청역 2번출구 옆,신정동,양천구,15,1228,0
1577,790,화곡고가 사거리,신월동,양천구,40,133,0
1578,791,현대하이페리온,목동,양천구,15,372,0
1579,792,목동트라팰리스 웨스턴에비뉴,목동,양천구,20,597,0
1580,200,국회의원회관,여의도동,영등포구,20,2054,5207
1581,201,진미파라곤 앞,여의도동,영등포구,15,5593,10241
1582,202,국민일보 앞,여의도동,영등포구,30,11848,23870
1583,203,국회의사당역 3번출구 옆,여의도동,영등포구,15,5944,12580
1584,204,국회의사당역 5번출구 옆,여의도동,영등포구,13,4140,9704
1585,205,산업은행 앞,여의도동,영등포구,20,5538,9924
1586,206,KBS 앞,여의도동,영등포구,35,7664,14312
1587,207,여의나루역 1번출구 앞,여의도동,영등포구,40,43174,66424
1588,209,유진투자증권빌딩 앞,여의도동,영등포구,12,4062,6365
1589,210,IFC몰,여의도동,영등포구,22,14949,31664
1590,211,여의도역 4번출구 옆,여의도동,영등포구,13,8789,19097
1591,212,여의도역 1번출구 옆,여의도동,영등포구,35,6559,17386
1592,213,KT앞,여의도동,영등포구,15,5173,11482
1593,214,금융감독원 앞,여의도동,영등포구,20,4048,8592
1594,215,여의도고교 앞,여의도동,영등포구,10,4385,7623
1595,216,삼부아파트1동 앞,여의도동,영등포구,10,4146,9007
1596,217,NH농협은행 앞,여의도동,영등포구,10,3368,11171
1597,218,증권거래소 앞,여의도동,영등포구,20,3671,6470
1598,219,롯데캐슬엠파이어 옆,여의도동,영등포구,12,3682,7560
1599,220,미성아파트 A동 앞,여의도동,영등포구,30,4186,7490
1600,221,여의도초교 앞,여의도동,영등포구,10,7006,11016
1601,222,시범아파트버스정류장 옆,여의도동,영등포구,12,9729,19655
1602,223,진주아파트상가 앞,여의도동,영등포구,20,4247,9191
1603,224,롯데캐슬 앞,여의도동,영등포구,20,5826,11505
1604,225,앙카라공원 앞,여의도동,영등포구,26,4355,7604
1605,226,샛강역 1번출구 앞,여의도동,영등포구,20,5428,9847
1606,227,양평2나들목 보행통로 입구,양화동,영등포구,10,7812,10870
1607,228,선유도역 3번출구 앞,양평동,영등포구,10,11321,19057
1608,229,양평1 보행육교 앞,양평동,영등포구,20,6827,10792
1609,230,영등포구청역 1번출구,당산동,영등포구,10,12020,26948
1610,231,남부고용노동지청 남측,양평동,영등포구,10,3044,6999
1611,232,양평우림 이비즈센타 앞,양평동,영등포구,20,10097,21324
1612,233,YP 센터 앞,양평동,영등포구,10,1309,2206
1613,234,영등포구민체육센터 앞,신길동,영등포구,10,2570,6374
1614,235,신길동 우리은행 옆,신길동,영등포구,10,2804,5732
1615,236,문래동자이아파트 앞,문래동,영등포구,10,5094,10138
1616,238,제2구민체육센타 앞,당산동,영등포구,10,4813,13496
1617,239,유스호스텔 앞,영등포동,영등포구,20,3941,9190
1618,240,문래역 4번출구 앞,문래동,영등포구,10,6234,14643
1619,241,신길우성1차아파트 앞 공원,도림동,영등포구,10,3561,9434
1620,242,신길선원가와인아파트 앞,신길동,영등포구,15,2742,5934
1621,243,이앤씨드림타워 앞,양평동,영등포구,15,5803,11601
1622,244,영등포삼환아파트 앞,영등포동,영등포구,20,5357,10876
1623,245,삼성생명 당산사옥 앞,당산동,영등포구,10,6953,14196
1624,247,당산역 10번출구 앞,당산동,영등포구,15,15404,31296
1625,248,초원아파트 앞,여의도동,영등포구,10,9775,15804
1626,249,여의도중학교 옆,여의도동,영등포구,8,9883,11295
1627,250,대림아파트 사거리,신길동,영등포구,10,2607,4304
1628,251,서울지방병무청 버스정류장,신길동,영등포구,10,3708,6255
1629,252,보라매역4번출구,신길동,영등포구,10,4456,9712
1630,253,신풍역 5번출구 인근,신길동,영등포구,10,3944,9248
1631,254,도림신협 앞,신길동,영등포구,10,3215,6230
1632,255,도림4거리,신길동,영등포구,10,3855,8755
1633,256,동아에코빌입구,도림동,영등포구,10,3322,7196
1634,257,신길삼거리(우리은행),신길동,영등포구,10,8391,14673
1635,258,신길역3번출구,영등포동,영등포구,14,3838,9082
1636,259,대방역6번출구,신길동,영등포구,17,9141,19325
1637,260,여의도 마리나선착장 앞,여의도동,영등포구,15,2528,5488
1638,262,영문초등학교 사거리,문래동,영등포구,12,8410,18461
1639,263,근로자회관 사거리,문래동,영등포구,12,8476,14957
1640,264,교보생명보험 앞,당산동,영등포구,15,4383,9286
1641,265,영등포유통상가 사거리,당산동,영등포구,15,3674,7298
1642,266,영등포청과시장 사거리,영등포동,영등포구,10,2372,6210
1643,267,삼성화재 사옥 옆,양평동,영등포구,10,5031,9335
1644,268,그랜드컨벤션센터 앞,당산동,영등포구,6,5249,10886
1645,270,증권거래소후문교차로,여의도동,영등포구,10,2778,4720
1646,271,샛강생태공원방문자센터 앞,여의도동,영등포구,10,1926,2806
1647,272,당산육갑문,당산동,영등포구,20,18723,28890
1648,274,영등포역지하쇼핑센타 5번출구,영등포동,영등포구,10,11654,24048
1649,275,신동아아파트,양평동,영등포구,10,7317,15273
1650,276,SK 영등포주유소,영등포동,영등포구,10,5351,10792
1651,277,영등포뉴타운지하상가 2번게이트,영등포동,영등포구,10,4994,9947
1652,278,쌍용플레티넘오피스텔,도림동,영등포구,10,6205,11080
1653,279,영등포 푸르지오 아파트,영등포동,영등포구,15,5146,12033
1654,280,양평동6차현대아파트 앞,양평동,영등포구,10,5682,10785
1655,281,신동아아파트 앞,양평동,영등포구,8,2811,5600
1656,282,신한은행,대림동,영등포구,10,1443,3181
1657,283,아크로타워 스퀘어(영등포시장),영등포동,영등포구,15,8283,15126
1658,284,센트럴 푸르지오 시티 앞,영등포동,영등포구,12,10503,22250
1659,285,대림3동사거리(하나은행),대림동,영등포구,8,1771,3815
1660,286,우성아파트 교차로,대림동,영등포구,8,3130,7485
1661,287,영등포전화국사거리 (서강어린이공원),영등포동,영등포구,10,5246,12771
1662,288,쌍용예가(구청별관),당산동,영등포구,10,2288,4385
1663,289,대림3동사거리,대림동,영등포구,10,2337,6041
1664,290,당산동 SK V1 빌딩,당산동,영등포구,12,4747,8783
1665,291,문래동 하이테크 시티,문래동,영등포구,14,6157,10369
1666,292,영일 어린이공원,영등포동,영등포구,10,2207,4645
1667,293,충북 미래관,당산동,영등포구,15,7529,14858
1668,295,영등포공원 분수대 앞,영등포동,영등포구,10,0,0
1669,296,KT플라자 영등포점,영등포동,영등포구,15,467,0
1670,297,국회3문,여의도동,영등포구,20,75,0
1671,298,KBS 연구동 건너편,여의도동,영등포구,20,49,0
1672,299,여의도 순복음교회,여의도동,영등포구,10,286,0
1673,3201,당산skv1센터,당산동,영등포구,9,294,0
1674,3202,당산롯데캐슬프레스티지,당산동,영등포구,15,615,0
1675,3203,도림동배드민턴체육관,도림동,영등포구,10,120,0
1676,3204,도림고가도로 밑,도림동,영등포구,10,26,0
1677,3205,문래중학교,문래동,영등포구,10,624,0
1678,3206,문래동 주민센터,문래동,영등포구,15,197,0
1679,3207,양남사거리 교통섬,양평동,영등포구,15,159,0
1680,3211,신길 래미안 프레비뉴,신길동,영등포구,20,285,0
1681,3212,신풍역 6번출구,신길동,영등포구,10,431,0
1682,3214,영등포 푸르지오,영등포동,영등포구,10,417,0
1683,3215,강변삼성래미안,당산동,영등포구,15,297,0
1684,3219,영등포역 2번출구,신당동,영등포구,10,323,0
1685,3220,래미안에스티움(신풍로) 앞,신길동,영등포구,20,258,0
1686,3221,서울특별시 남부교육지원청,문래동,영등포구,10,70,0
1687,800,목월공원 앞,한남동,용산구,15,4619,9568
1688,802,한강진역 2번 출구 앞,한남동,용산구,10,1794,3724
1689,803,한남초교 앞 보도육교,한남동,용산구,10,1281,2444
1690,805,문배어린이공원 앞,문배동,용산구,9,3375,7493
1691,806,전자랜드 본관 앞,한강로동,용산구,20,3098,7324
1692,807,서울역 12번 출구 앞,동자동,용산구,10,2752,5827
1693,808,서빙고동 금호맨션 앞,서빙고동,용산구,10,1446,2817
1694,809,한남 유수지 복개주차장,한남동,용산구,10,3329,5296
1695,810,이태원지하보도,용산동,용산구,10,1944,3078
1696,811,녹사평역1번출구,용산동,용산구,20,2008,3915
1697,812,용산전쟁기념관,용산동,용산구,20,1104,3317
1698,813,삼각지역 3번출구,한강로동,용산구,20,3092,7374
1699,815,LIG강촌아파트 103동앞,이촌동,용산구,20,5324,9768
1700,816,신용산역 6번출구 앞,한강로동,용산구,15,8137,18213
1701,817,삼각지역 4번출구 앞,한강로동,용산구,9,1961,4383
1702,818,숙명여대 입구 교차로,청파동,용산구,15,3854,9186
1703,819,선린인터넷 고등학교,청파동,용산구,12,2814,6197
1704,820,청파동입구 교차로,동자동,용산구,10,2382,5368
1705,822,이촌1동 마을공원,이촌동,용산구,10,1495,2509
1706,823,효창동주민센터 앞,효창동,용산구,10,824,2130
1707,825,서빙고동 주민센터 앞,서빙고동,용산구,15,10393,16308
1708,827,국군복지단,용산동2가,용산구,20,560,2174
1709,828,숙대입구역 8번,갈월동,용산구,7,2290,5460
1710,829,베르가모앞,한강로동,용산구,40,10429,19018
1711,830,청암자이아파트앞,청암동,용산구,10,2065,3781
1712,831,이태원관광특구입구,이태원동,용산구,15,1422,3244
1713,832,이촌1동 주민센터 뒤,이촌동,용산구,15,8684,14224
1714,834,효창공원앞역 3번출구 뒤,효창동,용산구,15,5378,10221
1715,835,남영역 건너편,갈월동,용산구,10,2545,6001
1716,836,현대자동차서비스 앞,원효로,용산구,15,4510,6228
1717,837,한남나들목 입구,한남동,용산구,10,7036,11220
1718,838,숙대입구역 4번출구,남영동,용산구,8,2974,7300
1719,839,보광동 삼성리버빌아파트 앞,보광동,용산구,10,3466,4680
1720,840,용산 파크타워 앞,한강로동,용산구,10,1698,3191
1721,841,신용산역 1번 출구,한강로동,용산구,15,5881,12471
1722,843,녹사평역 광장,이태원동,용산구,10,3270,7055
1723,844,이촌2동 동원베네스트 아파트 앞,이촌동,용산구,11,3093,5467
1724,845,용산 선인상가,이촌동,용산구,22,2344,4642
1725,846,용산중학교,용산동,용산구,15,2602,5228
1726,847, 국방부민원실옆,용산동,용산구,15,146,0
1727,848, 삼각지12번 출구,용산동,용산구,10,169,0
1728,849, 삼각지 자이아파트,용산동,용산구,15,565,0
1729,850, KCC용산월츠타워 ,문배동,용산구,15,353,0
1730,851,효창 푸르지오 앞,효창동,용산구,10,146,0
1731,852,청암자이APT(103동),청암동,용산구,20,117,0
1732,853,용산역 맞은편,용산동,용산구,10,505,0
1733,854,HID 유족동지회 앞,한남동,용산구,10,161,0
1734,855,이촌역5번출구 앞,용산동,용산구,15,14,0
1735,857, 현대 안성타워,한남동,용산구,15,75,0
1736,858,녹사평역3번 출구,용산동,용산구,7,28,0
1737,859,남산공원 야외식물원 앞,이태원동,용산구,10,0,0
1738,860,LG한강 자이아파트 앞,이촌동,용산구,15,241,0
1739,863,이촌역2번 출구,용산동5가,용산구,15,41,0
1740,864,순천향대학병원(한남오거리),한남동,용산구,10,724,0
1741,865,하얏트호텔 앞,한남동,용산구,15,37,0
1742,866,브라운스톤 남산아파트,후암동,용산구,10,72,0
1743,867,서빙고역 광장(1번출구),서빙고동,용산구,10,45,0
1744,868,롯데하이마트 용산점 앞,원효동,용산구,12,262,0
1745,900,은평예술회관,녹번동,은평구,20,2724,5174
1746,901,응암1동사무소,응암동,은평구,10,3499,7309
1747,902,진관동 은빛초등학교,진관동,은평구,10,984,2042
1748,903,은평뉴타운 아이파크,진관동,은평구,20,2472,3862
1749,904,은평뉴타운 푸르지오,진관동,은평구,18,2499,3657
1750,905,구파발역 2번출구,진관동,은평구,11,5640,11574
1751,906,연신내역 5번출구150M 아래,대조동,은평구,10,8763,16249
1752,907,CJ 드림시티,역촌동,은평구,10,18252,31914
1753,908,구산역 4번출구,갈현동,은평구,10,3092,6038
1754,909,백련산 힐스테이트 3차,응암동,은평구,10,1459,3875
1755,911,은평평화공원(역촌역4번출구),녹번동,은평구,10,6093,13928
1756,912,응암오거리,응암동,은평구,10,7314,13463
1757,913,이마트 은평점,응암동,은평구,15,8607,16881
1758,914,새절역 2번출구,응암동,은평구,20,12327,19980
1759,915,증산역 4번출구,증산동,은평구,10,5114,9059
1760,916,평생학습관 앞,역촌동,은평구,7,3249,6770
1761,917,녹번역 4번출구,녹번동,은평구,9,3904,9560
1762,919,서울혁신파크,녹번동,은평구,10,2442,4868
1763,921,신도고등학교,진관동,은평구,10,1780,3715
1764,922,연신내역 4번출구,대조동,은평구,10,1467,3512
1765,923,국민은행 연서지점,불광동,은평구,10,2035,4135
1766,924,메뚜기다리,진관동,은평구,15,899,2229
1767,925,불광역 2번출구,불광동,은평구,8,1500,3058
1768,926,불광역 8번출구,불광동,은평구,8,4300,9821
1769,927,연신내역 3번출구 인근,불광동,은평구,10,1458,3686
1770,928,은평역사한옥박물관,진관동,은평구,15,1122,1817
1771,930,구 서부경찰서 건너편,역촌동,은평구,7,2292,4227
1772,931,역촌파출소,역촌동,은평구,20,8420,14686
1773,932,예일여중,구산동,은평구,10,2856,5818
1774,933,LG서비스 역촌점,서오릉로,은평구,10,4984,8718
1775,934,신사동 성당,신사동,은평구,15,3252,6781
1776,937,상림마을 롯데캐슬2단지 옆,진관동,은평구,15,486,529
1777,938,금암 문화공원,진관동,은평구,15,731,854
1778,939,은평구청 교차로,응암동,은평구,15,2004,4542
1779,941,은평뉴타운 도서관,진관동,은평구,11,1817,4643
1780,942,상림마을 생태공원,진관동,은평구,9,1151,2571
1781,943,은평구청 보건소,녹번동,은평구,10,4248,10030
1782,945,기자촌 사거리,진관동,은평구,10,1764,3642
1783,946,독바위역,불광동,은평구,10,2030,4405
1784,947,연신내 선일하이츠빌 정류소,불광동,은평구,10,2503,4188
1785,948,디지털미디어 시티역 4번출구,증산동,은평구,10,1922,4537
1786,949,연신내역 1번 출구,불광동,은평구,7,2353,4406
1787,950,구산역 2번 출구,역촌동,은평구,5,4558,7375
1788,951,연신내역 6번출구옆,갈현동,은평구,15,3840,7772
1789,952,서울연신중학교,불광동,은평구,10,1214,2590
1790,953,서울연신초등학교,불광동,은평구,10,1642,3130
1791,954,은평뉴타운구파발9단지,진관동,은평구,10,1940,3425
1792,956,응암시장교차로,응암동,은평구,9,7326,10998
1793,958,신한은행 응암동 지점 앞,응암동,은평구,13,3722,7645
1794,959,구파발10단지 인근,진관동,은평구,10,1296,1567
1795,960,구파발역 환승센터,진관동,은평구,15,1804,4068
1796,961,불광역 9번 출구,불광동,은평구,8,2491,5349
1797,962,은평뉴타운 힐데스하임,진관동,은평구,10,2678,4715
1798,963,대호프라자아파트,불광동,은평구,13,2746,4383
1799,964,북한산힐스테이트 7차아파트,불광동,은평구,10,1323,4534
1800,965,서울특별시 은평병원,응암동,은평구,10,1467,4001
1801,966,서울혁신파크1,녹번동,은평구,10,776,1761
1802,967,서울혁신파크2,녹번동,은평구,13,1255,2553
1803,968,은평뉴타운 상림마을 13단지,진관동,은평구,7,618,1401
1804,969,은평 지웰테라스,진관동,은평구,9,679,1324
1805,971,역촌 센트레빌 아파트,역촌동,은평구,10,1097,2950
1806,972,수색역,수색동,은평구,20,2253,4520
1807,973,제각말푸르지오 5-1단지 아파트,진관동,은평구,10,11,0
1808,974,연신초등학교옆 마을마당,불광동,은평구,10,7,0
1809,975,백련산 힐스테이트상가앞,응암동,은평구,10,18,0
1810,976,진관고등학교앞,진관동,은평구,10,31,0
1811,977,신도중학교앞,진관동,은평구,20,14,0
1812,978,녹번 힐스테이트상가앞,녹번동,은평구,20,36,0
1813,979,원풍빌라앞,신사동,은평구,10,82,0
1814,982,유니클로 은평점앞,녹번동,은평구,10,69,0
1815,984,상신초등학교앞 버스정류장,신사동,은평구,10,116,0
1816,985,은평온누리약국앞,응암동,은평구,10,57,0
1817,989,축산정육식당앞,응암동,은평구,10,103,0
1818,991,흥국사 정류장,진관동,은평구,10,17,0
1819,992,북한산입구 정류장,진관동,은평구,10,13,0
1820,993,은평뉴타운 온뜨락아파트앞,진관동,은평구,25,32,0
1821,994,북한산생태공원입구(교통섬),불광동,은평구,15,28,0
1822,995,은평다목적체육관,진관동,은평구,15,17,0
1823,996,응암역 1번출구,응암동,은평구,10,299,0
1824,301,경복궁역 7번출구 앞,적선동,종로구,16,3822,7543
1825,302,경복궁역 4번출구 뒤,적선동,종로구,12,6398,14298
1826,303,광화문역 1번출구 앞,청운효자동,종로구,8,4113,9892
1827,304,광화문역 2번출구 앞,청운효자동,종로구,7,2640,5910
1828,305,종로구청 옆,수송동,종로구,16,4546,11313
1829,306,광화문역 7번출구 앞,세종로,종로구,19,4409,8202
1830,307,서울역사박물관 앞,신문로,종로구,11,3087,7758
1831,308,광화문 S타워 앞,신문로,종로구,20,5288,11505
1832,309,광화문역 6번출구 옆,세종로,종로구,13,2424,6346
1833,314,국립현대미술관,소격동,종로구,10,2896,8212
1834,316,종각역 1번출구 앞,공평동,종로구,12,6369,14706
1835,326,안국역 5번출구 앞,안국동,종로구,19,5249,11124
1836,327,낙원상가 옆,낙원동,종로구,10,3992,8655
1837,328,탑골공원 앞,종로동,종로구,11,3871,8794
1838,329,청계2가 사거리 옆,관철동,종로구,8,4560,11009
1839,334,종로3가역 2번출구 뒤,종로동,종로구,10,5631,12751
1840,335,종로3가역 15번출구 앞,종로동,종로구,10,4105,8938
1841,337,창경궁 입구,와룡동,종로구,5,1362,3178
1842,338,세운스퀘어 앞,인의동,종로구,18,4051,9565
1843,339,종로4가 사거리,종로동,종로구,10,3487,8080
1844,340,혜화동 로터리,혜화동,종로구,8,5289,11271
1845,341,혜화역 3번출구 뒤,명륜동,종로구,10,3506,8568
1846,342,대학로 마로니에공원,동숭동,종로구,15,6416,16527
1847,343,예일빌딩(율곡로) 앞,충신동,종로구,12,1714,5126
1848,344,성균관대 E하우스 앞,충신동,종로구,10,1998,7407
1849,345,서울보증보험본사 앞,연지동,종로구,15,3302,8469
1850,348,독립문역 사거리,교북동,종로구,14,3088,5677
1851,349,사직동주민센터,사직동,종로구,7,2446,4675
1852,351,청운초교 앞 삼거리,청운동,종로구,8,2460,5044
1853,352,중앙고입구 삼거리,가회동,종로구,15,930,2306
1854,353,재동초교 앞 삼거리,재동,종로구,8,2368,4624
1855,354,포르투갈 대사관 앞,원서동,종로구,10,2910,5950
1856,355,서울사대부속초교 앞,연건동,종로구,15,3486,9555
1857,356,KT혜화지사 앞,연건동,종로구,15,3598,8747
1858,358,성대입구 사거리,혜화동,종로구,13,6943,20104
1859,359,원남동사거리,원남동,종로구,8,3164,8219
1860,361,동묘앞역 1번출구 뒤,숭인동,종로구,10,8654,19547
1861,362,청계8가 사거리,숭인동,종로구,10,5320,10161
1862,363,신설동역 11번출구 뒤,숭인동,종로구,10,5126,12207
1863,364,창신역 1번출구 앞,창신동,종로구,8,2538,5723
1864,367,독립문역 3-1번출구,무악동,종로구,8,3761,5750
1865,368,SK 서린빌딩 앞,서린동,종로구,12,3085,7047
1866,369,광화문 시민열린마당,서린동,종로구,20,3995,10040
1867,385,종각역 5번출구,서린동,종로구,10,4527,10206
1868,386,올림픽기념 국민생활관 앞,혜화동,종로구,10,1947,6084
1869,388,동성중학교 앞,혜화동,종로구,10,2803,6228
1870,393,동대문역 8번 출구,종로동,종로구,10,6292,13039
1871,394,경희궁 자이 3단지,평동,종로구,15,1419,4091
1872,395,경희궁 자이 2단지,홍파동,종로구,8,3060,6036
1873,397,종묘공영주차장 건너편,종로동,종로구,13,2277,5444
1874,446,상명대입구,홍지동,종로구,10,1884,3336
1875,447,신영동삼거리,신영동,종로구,5,154,1020
1876,449,일성아파트,평창동,종로구,10,634,582
1877,450,효자동 삼거리,효자동,종로구,20,2544,5911
1878,451,청와대앞길,팔판동,종로구,13,981,2478
1879,452,동대문 종합시장 버스정류장,종로동,종로구,13,2267,4917
1880,453,종로오가 지하쇼핑센터 14번출구,종로동,종로구,10,3616,7622
1881,454,종로2가 버스정류장 (종각방향),종로동,종로구,13,3501,7670
1882,455,삼익한의원,종로동,종로구,8,1912,3928
1883,456,숭인2동 주민센터 입구 (이강3대냉면),숭인동,종로구,10,2914,5553
1884,457,종로꽃시장 입구 옆,종로동,종로구,10,2516,5214
1885,458,광화문역 5번출구,종로동,종로구,21,4725,9818
1886,461,서울지방경찰청,내자동,종로구,10,3159,7745
1887,462,신영동삼거리(북악터널방향),신영동,종로구,15,304,1493
1888,464,삼청동 골목,삼청동,종로구,10,2169,3006
1889,465,삼청공원 앞,삼청동,종로구,5,373,105
1890,486,평창동주민센터 앞,평창동,종로구,5,489,0
1891,3401,창신두산아파트,창신동,종로구,10,0,0
1892,3402,이화공영주차장,이화동,종로구,10,279,0
1893,3403,서울특별시 교육청,신문로2가,종로구,10,218,0
1894,3404,서울특별시 중부교육지원청,효제동,종로구,15,22,0
1895,3405,파크팰리스,내수동,종로구,12,679,0
1896,3406,세종로공원,공평동,종로구,20,42,0
1897,3407,안국동사거리(신),안국동,종로구,15,912,0
1898,3408,종로타워빌딩,공평동,종로구,13,940,0
1899,3410,종로3가역 8번출구,묘동,종로구,10,294,0
1900,3411,종묘,종로동,종로구,10,608,0
1901,3412,세운상가,종로동,종로구,15,549,0
1902,3413,종로플레이스,인의동,종로구,15,975,0
1903,3414,종로5가역 4번출구,창신동,종로구,10,17,0
1904,3415,동대문역6번출구,창신동,종로구,15,76,0
1905,3416,동묘앞역 6번출구,창신동,종로구,15,28,0
1906,3417,창신3동주민센터,창신동,종로구,12,116,0
1907,3418,창신역2번 출구,창신동,종로구,10,21,0
1908,3419,국립어린이과학관,와룡동,종로구,15,52,0
1909,3420,성균관대입구사거리(맥도날드),명륜,종로구,10,119,0
1910,3421,혜화역 1번출구,혜화동,종로구,10,16,0
1911,3422,성균관대 정문,명륜,종로구,20,187,0
1912,3423,현대그룹(본사),연지동,종로구,20,132,0
1913,3425,광화문 풍림스페이스본 1단지앞,사직동,종로구,15,1,0
1914,3426,독립문역 2번출구 뒤,무악동,종로구,10,46,0
1915,3427,인왕산 아이파크 정문,무악동,종로구,13,35,0
1916,3428,서울미술관,부암동,종로구,10,54,0
1917,3429,AW컨벤션앞,부암동,종로구,15,30,0
1918,3430,구기치안센터 앞,구기동,종로구,10,18,0
1919,3431,로제우스 레포츠센터,구기동,종로구,10,31,0
1920,3432,종로2가 사거리,종로동,종로구,15,1006,0
1921,300,정동사거리,정동,중구,7,3135,7024
1922,310,청계광장 옆,무교동,중구,13,2776,6245
1923,311,서울광장 옆,정동,중구,35,7126,18024
1924,312,시청역 1번출구 뒤,정동,중구,7,6088,13963
1925,318,광교사거리 남측,다동,중구,10,1998,4123
1926,320,을지로입구역 4번출구 앞,명동,중구,20,4114,8019
1927,321,KEB 하나금융그룹 명동사옥 옆,명동,중구,15,2905,7218
1928,322,명동성당 앞,명동,중구,15,1620,4775
1929,324,신세계백화점 본점 앞,회현동,중구,10,3658,8825
1930,331,을지로2가 사거리 북측,회현동,중구,10,3845,6748
1931,332,을지로2가 사거리 남측,회현동,중구,5,2433,4664
1932,336,티마크 호텔 앞,회현동,중구,10,2069,4960
1933,346,맥스타일 앞,신당동,중구,10,5624,13561
1934,347,동대문역사문화공원역 9번출구 앞,광희동,중구,18,4655,12130
1935,370,시청역(2호선) 9번출구 뒤,서소문동,중구,26,4471,8612
1936,371,동대입구역 6번출구 뒤,장충동,중구,10,2154,5258
1937,372,약수역 3번출구 뒤,신당동,중구,10,3053,6169
1938,373,청구 어린이공원,신당동,중구,8,446,1076
1939,374,청구역 2번출구 앞,신당동,중구,10,3545,7181
1940,375,다산 어린이공원,신당동,중구,8,3712,8013
1941,378,청계7가 사거리,흥인동,중구,10,4408,10760
1942,379,서울역9번출구,회현동,중구,7,3760,8004
1943,380,CJ제일제당 앞,쌍림동,중구,8,2912,6596
1944,381,장충체육관,장충동,중구,10,662,1325
1945,382,약수역 10번출구 앞,신당동,중구,7,1997,4464
1946,383,신당역 12번 출구 뒤,장충동,중구,17,6944,17538
1947,384,종로학원본원,중림동,중구,10,1674,3104
1948,387,훈련원공원주차장 앞,을지로동,중구,10,2990,6610
1949,389,을지로4가역 1번출구,을지로동,중구,10,3567,8668
1950,390,충무로역 1번출구,필동,중구,10,4189,9014
1951,391,정동길입구,정동,중구,8,1278,4569
1952,398,을지로3가역 3번출구,을지로동,중구,8,3104,8660
1953,399,서울역 센트럴 자이아파트,만리동,중구,15,1902,2756
1954,428,명보사거리,을지로동,중구,10,1910,3733
1955,429,송도병원,신당동,중구,8,570,1244
1956,430,KEB하나은행 장충동지점,장충동,중구,8,1800,3593
1957,431,청계천 영도교,황학동,중구,15,7249,15302
1958,433,을지로입구역 2번출구,을지로동,중구,10,4006,9771
1959,434,신당 래미안 버스정류장,신당동,중구,10,711,1812
1960,435,SK 남산빌딩,회현동,중구,10,1207,2690
1961,826,서울역 서부교차로2,회현동,중구,20,3623,7407
1962,441,염천교사거리,순화동,중구,15,341,0
1963,442,서울역 서부,회현동,중구,20,76,0
1964,443,호암아트홀,회현동,중구,9,417,0
1965,444,서울역3번 출구,회현동,중구,20,16,0
1966,445,대한상공회의소,회현동,중구,10,636,0
1967,466,롯데호텔,소공동,중구,20,410,0
1968,467,한국은행,회현동,중구,16,208,0
1969,468,웨스틴 조선호텔,소공동,중구,10,204,0
1970,469,회현역 1번출구,회현동,중구,16,34,0
1971,470,회현역 7번출구,회현동,중구,20,490,0
1972,471,회현사거리 남측,회현동,중구,10,539,0
1973,472,삼일교(시그니쳐 타워),수표동,중구,12,800,0
1974,473,을지로4가역 9번출구,을지로동,중구,20,824,0
1975,474,동대문역사문화공원역 1번출구 뒤편,을지로동,중구,30,254,0
1976,475,ddp패션몰,신당동,중구,16,22,0
1977,476,광희문,광희동,중구,10,68,0
1978,477,앰배서더 호텔 주변,장충동,중구,10,30,0
1979,479,동대입구역 3번 출구,장충동,중구,13,47,0
1980,480,약수역 6번 출구,신당동,중구,8,5,0
1981,481,신당역 10번 출구,수표동,중구,16,48,0
1982,482,예수소망교회,신당동,중구,10,74,0
1983,483,남산타운아파트 버스정류장,신당동,중구,16,22,0
1984,484,도동삼거리,남창동,중구,20,14,0
1985,485,서울역4번출구,회현동,중구,30,485,0
1986,1401,극동늘푸른아파트,묵동,중랑구,15,6076,11223
1987,1402,금란주차장 앞,망우동,중랑구,10,3420,6536
1988,1403,중화빌딩 앞 (동부시장),중화동,중랑구,15,9167,17829
1989,1404,동일로 지하차도,중화동,중랑구,10,3969,8492
1990,1405,망우역 1번출구,상봉동,중랑구,10,4591,9497
1991,1406,망우청소년수련관,망우동,중랑구,10,402,1410
1992,1407,먹골역 1번출구 뒤,묵동,중랑구,10,3936,6739
1993,1408,먹골역 6번출구 앞,묵동,중랑구,10,4591,8553
1994,1410,면목 대원칸타빌아파트,면목동,중랑구,10,1011,1615
1995,1411,상봉시장앞 교차로 한성빌딩 앞,면목동,중랑구,10,2499,5194
1996,1412,면목초등학교,면목동,중랑구,10,1781,3343
1997,1413,봉화산역 5번출구 뒤,신내동,중랑구,10,2947,6383
1998,1414,사가정역 1번출구,면목동,중랑구,10,6832,13197
1999,1416,상봉역 3번출구,상봉동,중랑구,10,3013,6011
2000,1418,새솔초등학교,신내동,중랑구,15,1610,3318
2001,1420,신내어울공원 앞,신내동,중랑구,15,2249,3901
2002,1421,신내역 4번출구,신내동,중랑구,20,948,2385
2003,1422,신내우디안아파트 1단지,신내동,중랑구,10,798,1976
2004,1424,양원역 2번출구,망우동,중랑구,10,476,1339
2005,1425,용마문화복지센터,면목동,중랑구,10,1733,4098
2006,1426,면목도시개발아파트 1동 앞,면목동,중랑구,15,1141,2331
2007,1427,용마산역 1번출구,면목동,중랑구,10,954,2193
2008,1428,원묵고등학교,묵동,중랑구,10,1758,6407
2009,1429,장안중학교,중화동,중랑구,15,2076,5409
2010,1430,중랑구청,신내동,중랑구,20,3391,7520
2011,1431,중랑구청 사거리,신내동,중랑구,10,5373,10075
2012,1433,중화역 2번출구,중화동,중랑구,10,6818,12533
2013,1434,홈플러스 면목동점,면목동,중랑구,15,3227,5494
2014,1435,능산삼거리,면목동,중랑구,15,843,1740
2015,1436,영풍마드레빌,신내동,중랑구,15,1911,3614
2016,1437,늘푸른공원 앞,면목동,중랑구,15,1149,3477
2017,1438,홈플러스 신내점 앞,신내동,중랑구,15,5322,10116
2018,1440,하나은행 면목지점,면목동,중랑구,10,3343,6028
2019,1441,신내능말공원,신내동,중랑구,15,2238,5600
2020,1442,(구)신한은행 중랑교지점,중화동,중랑구,8,4119,7560
2021,1443,구립망우청소년독서실,망우동,중랑구,10,1150,2546
2022,1444,면목4치안센터,면목동,중랑구,10,3270,5284
2023,1445,용마지구대,면목동,중랑구,10,944,1541
2024,1446,중랑전화국 교차로,면목동,중랑구,10,4084,9290
2025,1447,면목역 3번출구,면목동,중랑구,15,5680,12260
2026,1448,코스트코 상봉점,상봉동,중랑구,15,6040,14102
2027,1449,상봉역 1번출구,상봉동,중랑구,15,6121,12848
2028,1450,화랑대역 7번출구,공릉동,중랑구,10,4134,6432
2029,1451,중랑세무서,상봉동,중랑구,10,7335,12337
2030,1452,겸재교 진입부,목동,중랑구,15,7001,9939
2031,1453,중랑캠핑숲,망우동,중랑구,9,831,1402
2032,1454,한국전력공사(동대문 중랑지사),묵동,중랑구,10,3877,6560
2033,1455,상봉역 2번 출구,상봉동,중랑구,10,4563,10196
2034,1456,상아빌딩(우림시장 교차로),망우동,중랑구,10,2773,5709
2035,1457,동원사거리,면목동,중랑구,10,2295,4482
2036,1458,상봉터미널2,망우동,중랑구,9,4945,10403
2037,1459,용마한신아파트사거리,면목동,중랑구,10,1264,2677
2038,1461,동양엔파트 앞,중화동,중랑구,12,144,0
2039,1462,동부시장 북문 앞,상봉동,중랑구,9,79,0
2040,1463,중랑구민회관,면목동,중랑구,10,7,0
2041,1464,중화역 4번출구,중화동,중랑구,15,40,0
2042,1465,중랑공영차고지 옆,신내동,중랑구,15,87,0
2043,1466,두산대림아파트 삼거리,묵동,중랑구,10,48,0
2044,1467,sk신내 주유소앞(용마산로),신내동,중랑구,10,11,0
2045,1468,먹골역 7번 출구,묵동,중랑구,10,213,0
2046,1469,먹골역 4번출구,묵동,중랑구,20,2,0
2047,1470,중화동 우리은행 앞,중화동,중랑구,20,72,0
2048,1472,영성빌딩(PAT),중화동,중랑구,8,105,0
2049,1473,중랑역 1번 출구(중화문화복지센터),중화동,중랑구,10,39,0
2050,1474,서울중랑우체국,상봉동,중랑구,10,0,0
2051,1477,면목삼익아파트 앞,면목동,중랑구,15,42,0
2052,1478,홈플러스 상봉점 앞,상봉동,중랑구,10,156,0
2053,1479,면목 홈플러스 2 ,면목동,중랑구,10,69,0
2054,1480, 용마지구대 옆,면목동,중랑구,15,104,0
2055,642,신답역 사거리,답십리동,동대문구,9,3209,9945
2056,2549,LH 서초 4단지 403동,우면동,서초구,10,0,0
2057,2658,가락몰 업무동,가락동,송파구,10,0,0
2058,2744,강서세무서앞,마곡동,강서구,20,0,0
2059,869,노들섬 동측 앞,이촌동,용산구,10,359,0
2060,870,노들섬 서측 앞,이촌동,용산구,10,1376,0
2061,2743,동신아파트 104동 앞,가양동,강서구,11,0,0
2062,793,목동5단지아파트 534동,목동,양천구,15,55,0
2063,797,목동아파트 1422동 1434동 사잇길,신정동,양천구,10,0,0
2064,796,목동아파트 14단지 B상가 앞,신정동,양천구,10,0,0
2065,2548,반포1동 자율방범초소 옆,반포동,서초구,10,0,0
2066,1571,북서울 꿈의숲 입구,번3동,강북구,20,0,0
2067,3600,사근빗물펌프장 건너편,사근동,성동구,8,0,0
2068,3013,서울지방고용노동청 앞,장교동,중구,10,0,0
2069,2659,서울친환경유통센터,가락동,송파구,10,0,0
2070,3588,세종대학교(영실관),군자동,광진구,10,0,0
2071,1574,송중초등학교 옆,미아동,강북구,8,0,0
2072,2746,수명산파크4단지411동 앞,내발산동,강서구,10,0,0
2073,2745,수명초등학교,내발산동,강서구,9,0,0
2074,2550,양재동 꽃시장 건너편,양재동,서초구,10,0,0
2075,795,양천 해누리타운,신정동,양천구,10,0,0
2076,794,양천문화회관,신정동,양천구,10,0,0
2077,3587,우성식품 앞,구의동,광진구,15,0,0
2078,1572,우이산 입구,우이동,강북구,20,0,0
2079,2547,포드서초서비스센터앞,잠원동,서초구,10,0,0
2080,1573,현대성우아파트 옆,미아동,강북구,10,0,0
2081,1268,몽촌토성역 1번출구 옆,방이동,송파구,15,11444,24080
2082,1267,올림픽공원 남2문 앞,방이동,송파구,15,3872,10332
